x0005,y0005
1,11713511.01,
2,11713027.38,
3,11713089.84,
4,11715347.09,
5,11714562.84,
6,11713559.36,
7,11712342.92,
8,11713731.25,
9,11711688.3,
10,11711443.42,
11,11712656.35,
12,11711665.83,
13,11711534.93,
14,11710323.13,
15,11710863.72,
16,11710729.79,
17,11710248.52,
18,11709808.53,
19,11709579.97,
20,11709925.73,
21,11710858.87,
22,11709368.66,
23,11710170.74,
24,11709890.69,
25,11711037.33,
26,11710082.67,
27,11709821.64,
28,11708525.61,
29,11709664.58,
30,11710548.84,
31,11709958.26,
32,11708598.64,
33,11708585.51,
34,11708478.26,
35,11707986.5,
36,11708821.12,
37,11706768.8,
38,11709302.48,
39,11707773.54,
40,11709360.57,
41,11708683.78,
42,11708715.54,
43,11709597.98,
44,11709369.42,
45,11708603.12,
46,11707596,
47,11708761.74,
48,11709433.33,
49,11707917.17,
50,11708809.27,
51,11708233.09,
52,11707900.89,
53,11706811.82,
54,11708373.2,
55,11707619.17,
56,11706908.66,
57,11707630.17,
58,11706536.86,
59,11707533.99,
60,11706403.71,
61,11706478.82,
62,11707116.46,
63,11707729.69,
64,11707392.04,
65,11707289.61,
66,11707536.91,
67,11707514.9,
68,11706353.1,
69,11706932.21,
70,11706987.34,
71,11706190.82,
72,11706759.88,
73,11706721.21,
74,11705925.26,
75,11705138.05,
76,11707589.66,
77,11706368.74,
78,11705972.6,
79,11707188.92,
80,11706834.26,
81,11705599.81,
82,11706193.87,
83,11707404.13,
84,11705577.4,
85,11705378.97,
86,11706050.93,
87,11705776.09,
88,11705691.44,
89,11704999.43,
90,11705825.27,
91,11706289.89,
92,11705603.38,
93,11705728.99,
94,11704561.57,
95,11704638.74,
96,11707030.15,
97,11706756.3,
98,11706294.85,
99,11705946.75,
100,11706158.96,
101,11706719.24,
102,11704813.67,
103,11706735.59,
104,11706651.11,
105,11705011.63,
106,11705561.96,
107,11706119.41,
108,11705868.14,
109,11705041.47,
110,11704314.09,
111,11706070.29,
112,11705614.76,
113,11704632.83,
114,11705793.29,
115,11705002.33,
116,11706299.16,
117,11706349.29,
118,11705730.96,
119,11705911.81,
120,11705367.56,
121,11706670.27,
122,11705105.65,
123,11705577.46,
124,11705538.77,
125,11705101.14,
126,11704339.8,
127,11704847.41,
128,11704798.47,
129,11704592.49,
130,11705063.67,
131,11705077.02,
132,11705288.2,
133,11704857.58,
134,11705310.87,
135,11704442.37,
136,11705366.17,
137,11705996.08,
138,11705010.27,
139,11705487.87,
140,11705241.74,
141,11704364.27,
142,11705239.53,
143,11703625.28,
144,11705079.92,
145,11705062.66,
146,11704453.3,
147,11704445.62,
148,11704776.93,
149,11704004.32,
150,11703952.63,
151,11704347.85,
152,11704928.56,
153,11705452.86,
154,11704672.62,
155,11703998.41,
156,11704700.71,
157,11705517.91,
158,11705763.79,
159,11705399.82,
160,11704633.79,
161,11704706.34,
162,11704610.76,
163,11704460.1,
164,11704287.19,
165,11704680.92,
166,11703648.02,
167,11703876.59,
168,11704466.96,
169,11704496.22,
170,11705050.34,
171,11706106.09,
172,11705356.25,
173,11704519.85,
174,11705076.42,
175,11705135.02,
176,11705783.39,
177,11706247.87,
178,11705068.29,
179,11704761.75,
180,11705187.51,
181,11704457.15,
182,11705106.21,
183,11703745.16,
184,11704663.86,
185,11704064.89,
186,11704234.57,
187,11703602.23,
188,11704499.16,
189,11704713.78,
190,11705588.58,
191,11705356.61,
192,11704688.09,
193,11704648.43,
194,11704802.8,
195,11704470.82,
196,11705225.68,
197,11705549.06,
198,11705327.25,
199,11704098.09,
200,11704656.68,
201,11704556.65,
202,11704384,
203,11705135.22,
204,11704227.96,
205,11702876.25,
206,11703805.31,
207,11704008.37,
208,11705290.91,
209,11705182.06,
210,11703609.38,
211,11704171.59,
212,11704985.66,
213,11704707.07,
214,11704591.15,
215,11705011.89,
216,11703573.01,
217,11704027.7,
218,11703598.34,
219,11703005.57,
220,11703686.52,
221,11705014.82,
222,11703752.88,
223,11704372.95,
224,11703979.37,
225,11704226.44,
226,11703763.88,
227,11704980.63,
228,11703879.16,
229,11704550.34,
230,11705906.48,
231,11703280.12,
232,11704180.13,
233,11704792.85,
234,11704934.41,
235,11704713.19,
236,11704013.54,
237,11702885.72,
238,11703545.65,
239,11704277.65,
240,11703415.95,
241,11704178.51,
242,11703652.22,
243,11703226.66,
244,11703181.92,
245,11703415.72,
246,11704005.68,
247,11704057.1,
248,11704056.97,
249,11705552.02,
250,11704269.34,
251,11704671.53,
252,11705143.51,
253,11704853.73,
254,11703842.88,
255,11703972.97,
256,11703779.53,
257,11704245.08,
258,11703553.88,
259,11703325.09,
260,11703561.22,
261,11703356.46,
262,11702937.2,
263,11702907.62,
264,11704288.76,
265,11701552.34,
266,11702440.24,
267,11702216.19,
268,11702182.65,
269,11703835.62,
270,11703943.96,
271,11704568.99,
272,11702307.07,
273,11702837.09,
274,11703952.1,
275,11703088.64,
276,11702715.38,
277,11702604.73,
278,11702835.27,
279,11702975.36,
280,11703443.33,
281,11702972.7,
282,11703523.48,
283,11704295.6,
284,11704771.95,
285,11703307.98,
286,11703465.89,
287,11703097.21,
288,11704336.08,
289,11702842.18,
290,11704356.64,
291,11702892.79,
292,11703620.92,
293,11702247.85,
294,11703149.64,
295,11703355.56,
296,11703583.39,
297,11703143.6,
298,11704015.29,
299,11703477.38,
300,11703198.79,
301,11703057.34,
302,11704185.07,
303,11704104.13,
304,11704262.33,
305,11703242.33,
306,11704170.55,
307,11705423.2,
308,11704509.43,
309,11703388.77,
310,11704494.53,
311,11703145.15,
312,11704435.73,
313,11702388.99,
314,11703519.88,
315,11703469.41,
316,11703249.21,
317,11703756.24,
318,11703048.28,
319,11704246.32,
320,11703725.06,
321,11704521.19,
322,11704152.48,
323,11704428.4,
324,11705575.25,
325,11704678.05,
326,11705532.76,
327,11705074.86,
328,11705702.33,
329,11705291.31,
330,11704741.21,
331,11703883.38,
332,11703943.64,
333,11704350.45,
334,11704567.18,
335,11704347.03,
336,11703830.22,
337,11704816.26,
338,11706332.19,
339,11705844.58,
340,11705091.7,
341,11705964.53,
342,11705641.71,
343,11705847.45,
344,11704934.49,
345,11704454.84,
346,11705878.27,
347,11707684.96,
348,11705281.53,
349,11705655.31,
350,11705610.63,
351,11704543.47,
352,11705883.46,
353,11705341.47,
354,11705046.52,
355,11705594.15,
356,11705897.49,
357,11705506.82,
358,11705954.13,
359,11706085.25,
360,11707291.04,
361,11706475.46,
362,11706487.67,
363,11706516.56,
364,11706431.06,
365,11706171.52,
366,11706196.61,
367,11705723.43,
368,11706164.94,
369,11703633.72,
370,11706011.45,
371,11705664.51,
372,11706121.71,
373,11707780.59,
374,11705854.15,
375,11708508.83,
376,11707243.73,
377,11706986.09,
378,11707034.62,
379,11707469.59,
380,11707615.56,
381,11707998.89,
382,11708343.94,
383,11708182.71,
384,11708965.47,
385,11707553.08,
386,11706920.68,
387,11708211.41,
388,11707406.93,
389,11706856.76,
390,11707162.13,
391,11706888.06,
392,11708576.63,
393,11709911.61,
394,11708169.51,
395,11709559.86,
396,11710219.88,
397,11710236.95,
398,11711343.71,
399,11711221.38,
400,11713110.19,
401,11713872.94,
402,11713040.16,
403,11714839.09,
404,11715153.69,
405,11716237.01,
406,11713900.43,
407,11717816.68,
408,11717644.51,
409,11719184.59,
410,11719614.15,
411,11719158.16,
412,11720842.21,
413,11723049.43,
414,11724705.35,
415,11724535.35,
416,11725845.82,
417,11726790.68,
418,11729949.44,
419,11730023.89,
420,11729345.64,
421,11730955.56,
422,11731860.37,
423,11733865.78,
424,11733531.45,
425,11736353.72,
426,11735753.57,
427,11736590.49,
428,11738329.51,
429,11737605.8,
430,11740336.15,
431,11740172.32,
432,11742071.32,
433,11742148.27,
434,11744017.22,
435,11744274.05,
436,11744576.53,
437,11745629.82,
438,11745233,
439,11743142.58,
440,11742917.73,
441,11744587.61,
442,11747433.97,
443,11745002.83,
444,11745139.34,
445,11744293.11,
446,11744648.5,
447,11744271.58,
448,11744797.6,
449,11744059.13,
450,11745332.85,
451,11747018.79,
452,11745037.15,
453,11745430.32,
454,11745350.91,
455,11743559.77,
456,11745965.58,
457,11745730.18,
458,11745041.49,
459,11742837.02,
460,11743451.46,
461,11742601.82,
462,11742650.35,
463,11742401.64,
464,11741335.51,
465,11742150.2,
466,11742420.95,
467,11742220.52,
468,11740879.39,
469,11743783.29,
470,11743653.12,
471,11741989.92,
472,11740548.97,
473,11742282.71,
474,11742945.04,
475,11742981.92,
476,11741631.77,
477,11740491.49,
478,11741184.44,
479,11740336.25,
480,11738494.25,
481,11740199.03,
482,11739906.29,
483,11740999.75,
484,11740647.32,
485,11739384.45,
486,11739985.77,
487,11740566.24,
488,11738999.34,
489,11739110.01,
490,11739363.88,
491,11740761.1,
492,11738658.85,
493,11739956.11,
494,11739180.99,
495,11739205.12,
496,11739070.04,
497,11739897.54,
498,11738483.4,
499,11738447.21,
500,11735567.96,
501,11738821.46,
502,11737746.65,
503,11736581.67,
504,11736690.96,
505,11738833.1,
506,11738655.91,
507,11738288.15,
508,11737946.74,
509,11738147.13,
510,11737918.35,
511,11736089.46,
512,11737209.53,
513,11736842.25,
514,11737253.13,
515,11734991.25,
516,11735832.55,
517,11735537.98,
518,11734784.65,
519,11736193.99,
520,11735241.65,
521,11732820.94,
522,11732874.61,
523,11733419.47,
524,11735891.19,
525,11735649.8,
526,11733827.76,
527,11734063.17,
528,11733092.64,
529,11735725.37,
530,11734703.15,
531,11733777.78,
532,11732665.85,
533,11731239.15,
534,11732797.43,
535,11732993.23,
536,11732136.9,
537,11731048.78,
538,11730715.32,
539,11732014.98,
540,11730037.7,
541,11730490.13,
542,11730504.47,
543,11731463.64,
544,11732395.19,
545,11730459.7,
546,11731093.46,
547,11730155.15,
548,11729943.01,
549,11731471.36,
550,11730742.8,
551,11727744.7,
552,11728316.05,
553,11729133.9,
554,11727966.78,
555,11726546.95,
556,11726717.68,
557,11728333.08,
558,11728227.79,
559,11727323.63,
560,11725932.36,
561,11728936.28,
562,11729923.77,
563,11729823.51,
564,11727878.85,
565,11727886.98,
566,11728130.8,
567,11728861.45,
568,11727595.47,
569,11728356.7,
570,11726762.02,
571,11725500.31,
572,11728072.27,
573,11724877.81,
574,11726280.57,
575,11727374.66,
576,11726226.23,
577,11725585.27,
578,11726403.43,
579,11725600.85,
580,11726630.77,
581,11727319.55,
582,11725607.09,
583,11727147.75,
584,11727103.7,
585,11727908.43,
586,11726704.08,
587,11725170.04,
588,11727099.78,
589,11724994.89,
590,11725720.8,
591,11725876.15,
592,11725051.94,
593,11724622.93,
594,11726065.83,
595,11724540.79,
596,11724496.63,
597,11725677.68,
598,11726178.77,
599,11724278.61,
600,11726693.87,
601,11726072.93,
602,11726370.34,
603,11726713.87,
604,11724772.56,
605,11724700.5,
606,11724682.48,
607,11723735.48,
608,11724676.73,
609,11725086.13,
610,11725222.52,
611,11723276.67,
612,11724219.89,
613,11724339.93,
614,11723621.8,
615,11723179.9,
616,11724334.77,
617,11725007.91,
618,11724673.57,
619,11725462.05,
620,11725903.84,
621,11725975.42,
622,11725610.06,
623,11726735.34,
624,11726389.33,
625,11726537.28,
626,11727714.25,
627,11726104.55,
628,11726944.62,
629,11727567.32,
630,11725432.83,
631,11726766.93,
632,11724863.8,
633,11723045.85,
634,11721912.62,
635,11724196.63,
636,11725661.2,
637,11725230.73,
638,11725169.34,
639,11726434.14,
640,11725532.06,
641,11726963.13,
642,11728371.05,
643,11726934.1,
644,11726749.64,
645,11726048.07,
646,11727183.85,
647,11726217.78,
648,11726490.88,
649,11725893.4,
650,11725666.35,
651,11727365.9,
652,11726600.16,
653,11725777.95,
654,11726310.37,
655,11725433.96,
656,11726506.04,
657,11727137.01,
658,11725914.66,
659,11724522.31,
660,11726605.04,
661,11726097.05,
662,11725957.09,
663,11726504.51,
664,11724713.69,
665,11726485.59,
666,11725264.01,
667,11724234.28,
668,11724913.94,
669,11724412.42,
670,11724614.63,
671,11723506.85,
672,11723928.92,
673,11724613.11,
674,11725082.08,
675,11725461.45,
676,11725661.82,
677,11725627.18,
678,11725373.68,
679,11723893.88,
680,11724698,
681,11723964.43,
682,11723672.26,
683,11723657.48,
684,11722352.55,
685,11721688.58,
686,11721732.76,
687,11722933.57,
688,11723873.9,
689,11722143.89,
690,11721391.36,
691,11721893.09,
692,11723191.75,
693,11721944.76,
694,11724145.08,
695,11721723.5,
696,11724268.91,
697,11722918.19,
698,11723944.11,
699,11722711.71,
700,11721392.69,
701,11721459.12,
702,11722301.61,
703,11723736.86,
704,11721774.94,
705,11722298.91,
706,11721169.09,
707,11721480.94,
708,11722435.98,
709,11721784.15,
710,11723329.33,
711,11723154.8,
712,11722655.3,
713,11722001.5,
714,11723542.21,
715,11723301.64,
716,11720972.77,
717,11723881.69,
718,11723714.82,
719,11721856.27,
720,11721514.02,
721,11721821.05,
722,11720203.29,
723,11721048.19,
724,11721455.45,
725,11719131.23,
726,11721963.93,
727,11721455.48,
728,11721996.17,
729,11721629.81,
730,11722559.85,
731,11722319.42,
732,11722708.09,
733,11722677.36,
734,11722384.49,
735,11723563.63,
736,11722094.81,
737,11719433.49,
738,11720794.92,
739,11719114.95,
740,11722898.01,
741,11724000.4,
742,11722903.21,
743,11723866.49,
744,11725244.06,
745,11726128.49,
746,11727199.21,
747,11727699.87,
748,11730330.71,
749,11728335.18,
750,11728648.16,
751,11729783.75,
752,11730158.25,
753,11731735.85,
754,11730929.17,
755,11733710.75,
756,11732772.41,
757,11731651.77,
758,11734309.49,
759,11736223.88,
760,11733606.98,
761,11735002.75,
762,11737688.67,
763,11736210.25,
764,11737357.12,
765,11736406.55,
766,11739511.67,
767,11741841.37,
768,11741413.21,
769,11742610.68,
770,11742082.09,
771,11743502.56,
772,11743669.34,
773,11741256.63,
774,11743844.98,
775,11742175.27,
776,11742723.93,
777,11742865.06,
778,11745495.93,
779,11744148.59,
780,11742562.21,
781,11741957.88,
782,11743989.67,
783,11743974.32,
784,11744603.29,
785,11745311.32,
786,11748392.85,
787,11747222.59,
788,11746393.22,
789,11746085.53,
790,11747707.74,
791,11744636.08,
792,11747030.91,
793,11746072.75,
794,11745463.44,
795,11745030.66,
796,11745589.61,
797,11744135.86,
798,11743966.98,
799,11743582.31,
800,11745475.82,
801,11745701.39,
802,11746599.55,
803,11747896.22,
804,11746868.23,
805,11746461.28,
806,11747709.03,
807,11746819.9,
808,11746848.33,
809,11747540.74,
810,11746698.31,
811,11748075.58,
812,11747523.62,
813,11743282.44,
814,11744680.4,
815,11743969.32,
816,11745488.85,
817,11746635.06,
818,11742749.56,
819,11745343.43,
820,11744379.84,
821,11744586.53,
822,11745491.29,
823,11745727.61,
824,11746115.49,
825,11745546.74,
826,11746413.3,
827,11746285.86,
828,11746346.99,
829,11746033.63,
830,11745936.02,
831,11746541.14,
832,11745333.97,
833,11744332.25,
834,11742872.74,
835,11743201.44,
836,11742788.08,
837,11745498.9,
838,11743628.95,
839,11745120.83,
840,11745638.71,
841,11746173.09,
842,11745894.16,
843,11744245.56,
844,11744925.95,
845,11745045.57,
846,11744759.58,
847,11744593.27,
848,11744395.91,
849,11744979.4,
850,11742391.04,
851,11744812.29,
852,11742413.39,
853,11743305.29,
854,11743684.36,
855,11741441.8,
856,11744111.29,
857,11742911.09,
858,11741168.46,
859,11740950.23,
860,11744431.4,
861,11745312.65,
862,11744232.63,
863,11744124.93,
864,11743194.18,
865,11741156.85,
866,11742180.89,
867,11740375.73,
868,11741494.18,
869,11740640.68,
870,11739059.79,
871,11739816.39,
872,11740709.05,
873,11739538.19,
874,11739363.41,
875,11737800.38,
876,11738562.15,
877,11738682,
878,11739293.63,
879,11738517.45,
880,11737474.89,
881,11740140.89,
882,11736924.58,
883,11736577.63,
884,11738715.23,
885,11736044.94,
886,11736846.83,
887,11737272.88,
888,11734740.1,
889,11735217.02,
890,11734852.52,
891,11734862.55,
892,11735686.71,
893,11733266.54,
894,11734065.49,
895,11734043.47,
896,11734516.31,
897,11734055.48,
898,11734948.55,
899,11734723.53,
900,11733454.6,
901,11733918.98,
902,11733170.45,
903,11734176.63,
904,11732534.46,
905,11733666.46,
906,11733316.88,
907,11731377.75,
908,11733083.74,
909,11731240.95,
910,11729923.29,
911,11731607.17,
912,11732511.1,
913,11731389.97,
914,11730243.89,
915,11731196.13,
916,11732945.47,
917,11731602.12,
918,11731216.38,
919,11731193.05,
920,11730199.75,
921,11730414.67,
922,11731246.93,
923,11730966.7,
924,11729110.81,
925,11728525.12,
926,11727132.76,
927,11728058.34,
928,11729349.98,
929,11728571.52,
930,11728722.41,
931,11728361.79,
932,11727176.98,
933,11729013.87,
934,11729851.82,
935,11729232.04,
936,11728699.5,
937,11728661.12,
938,11728146.94,
939,11727551.2,
940,11728724.14,
941,11727019.68,
942,11726161.03,
943,11726038.23,
944,11725691.37,
945,11724985.92,
946,11725346.61,
947,11726665,
948,11726316.36,
949,11727071.75,
950,11726383.94,
951,11724063.46,
952,11728242.36,
953,11725277.44,
954,11726093.02,
955,11725653.42,
956,11725645.37,
957,11725964.64,
958,11724607,
959,11726501.5,
960,11725125.78,
961,11723336.25,
962,11725122.72,
963,11723485.67,
964,11724464.27,
965,11722641.19,
966,11724235.32,
967,11724062.58,
968,11720694.39,
969,11722671.05,
970,11724012.2,
971,11723144.7,
972,11724322.85,
973,11722590.41,
974,11722257.89,
975,11725200.7,
976,11723633.89,
977,11723672.52,
978,11723627,
979,11721903.18,
980,11722967.93,
981,11722583.04,
982,11721749.25,
983,11721071.07,
984,11722173.71,
985,11721306.14,
986,11721492.6,
987,11720174.7,
988,11719765.26,
989,11722006.94,
990,11722678.92,
991,11721589.49,
992,11720570.5,
993,11720928.51,
994,11722587.18,
995,11722683.58,
996,11721565.47,
997,11721039.61,
998,11719845.72,
999,11719496.42,
1000,11718808.87,
1001,11716297.69,
1002,11715080.03,
1003,11716929.39,
1004,11715363.48,
1005,11716656.47,
1006,11717000.72,
1007,11717259.73,
1008,11720329.96,
1009,11717941.88,
1010,11717927.92,
1011,11718245.29,
1012,11719825.56,
1013,11718670.37,
1014,11719585.34,
1015,11717598.86,
1016,11719383.55,
1017,11719441.18,
1018,11718922.71,
1019,11718165.94,
1020,11718177.12,
1021,11716884.89,
1022,11718744.2,
1023,11718598.74,
1024,11718787.19,
1025,11716795.38,
1026,11719216.54,
1027,11718888.61,
1028,11719480.55,
1029,11718216.35,
1030,11719114.85,
1031,11718388.39,
1032,11719676.67,
1033,11719896.7,
1034,11719046.12,
1035,11718900.27,
1036,11717390.06,
1037,11716974.13,
1038,11717866.7,
1039,11715855.35,
1040,11716865.27,
1041,11718019.1,
1042,11717271.25,
1043,11717315.46,
1044,11716813.11,
1045,11720193.3,
1046,11718181.77,
1047,11717992.95,
1048,11719046.49,
1049,11718156.04,
1050,11718589.86,
1051,11717765.62,
1052,11717448.47,
1053,11717174.95,
1054,11717184.15,
1055,11717632.54,
1056,11716463.98,
1057,11716535.28,
1058,11717911.22,
1059,11715898.31,
1060,11718416.84,
1061,11718249.14,
1062,11717707.11,
1063,11716510.95,
1064,11718419.7,
1065,11717629.55,
1066,11718625.5,
1067,11718162.93,
1068,11719291.48,
1069,11718402.25,
1070,11719842.44,
1071,11717578.2,
1072,11719072.32,
1073,11717546.55,
1074,11718235.52,
1075,11718109.78,
1076,11717066.9,
1077,11717976.77,
1078,11716120.63,
1079,11717894.88,
1080,11717540.65,
1081,11717303.93,
1082,11716977.19,
1083,11718355.17,
1084,11719120,
1085,11719899.66,
1086,11717689.12,
1087,11718642.02,
1088,11718732.22,
1089,11718187.59,
1090,11718578.11,
1091,11718915.25,
1092,11718024.32,
1093,11717836.79,
1094,11718294.63,
1095,11716823.32,
1096,11717248.36,
1097,11716877.63,
1098,11718667.29,
1099,11718540.78,
1100,11718086.86,
1101,11717957.71,
1102,11719383.89,
1103,11719167.24,
1104,11719000.29,
1105,11716483.75,
1106,11716259.78,
1107,11715965.09,
1108,11715884.5,
1109,11716748.99,
1110,11715999.15,
1111,11716139.89,
1112,11717488.62,
1113,11716372.6,
1114,11716357.93,
1115,11717448.58,
1116,11717159.83,
1117,11716616.76,
1118,11716691.16,
1119,11715984.8,
1120,11717243.14,
1121,11717085.12,
1122,11717876.01,
1123,11717206.78,
1124,11718222.84,
1125,11717975.82,
1126,11717869.29,
1127,11716853.71,
1128,11718413.69,
1129,11717415.4,
1130,11718145.62,
1131,11717845.29,
1132,11718006.25,
1133,11717812.55,
1134,11717859.71,
1135,11716329.78,
1136,11716011.67,
1137,11718251.5,
1138,11718514.09,
1139,11717776.38,
1140,11718018.37,
1141,11718867.83,
1142,11718391.75,
1143,11718598.14,
1144,11718776.44,
1145,11717195.15,
1146,11719044.18,
1147,11716856.51,
1148,11716693.15,
1149,11717718.46,
1150,11717074.28,
1151,11716754.31,
1152,11715930.52,
1153,11718354.16,
1154,11717429.55,
1155,11717964.44,
1156,11717779.9,
1157,11717229.52,
1158,11717839.65,
1159,11718008.53,
1160,11717929.45,
1161,11717942.82,
1162,11718281.89,
1163,11718058.83,
1164,11716216.93,
1165,11717338.16,
1166,11716544.33,
1167,11717648.35,
1168,11717130.47,
1169,11717266.61,
1170,11717262.49,
1171,11715032.85,
1172,11717198.76,
1173,11716092.08,
1174,11716456.62,
1175,11715475.22,
1176,11716224.65,
1177,11716016.55,
1178,11717106.02,
1179,11717122.49,
1180,11717708.07,
1181,11716164.63,
1182,11716415.22,
1183,11715575.12,
1184,11715015.81,
1185,11716154.83,
1186,11714380.17,
1187,11715483.79,
1188,11714582.95,
1189,11714350.48,
1190,11714130.68,
1191,11714094.15,
1192,11713787.91,
1193,11715314.09,
1194,11714270.66,
1195,11715906.57,
1196,11715187.77,
1197,11716318.12,
1198,11715206.79,
1199,11716137.78,
1200,11715786.48,
1201,11715701.03,
1202,11715756.23,
1203,11715386.66,
1204,11714554.84,
1205,11715656.29,
1206,11714993.71,
1207,11715786.96,
1208,11716143.62,
1209,11715074.17,
1210,11715545.84,
1211,11714772.42,
1212,11715802.4,
1213,11718123.95,
1214,11715902.53,
1215,11716075.64,
1216,11715369,
1217,11717236.02,
1218,11716992.66,
1219,11716092.99,
1220,11715160.81,
1221,11717014.27,
1222,11715452.94,
1223,11715384.17,
1224,11714309.61,
1225,11714712.15,
1226,11715472.32,
1227,11714342.64,
1228,11714546.41,
1229,11716410.84,
1230,11716165.74,
1231,11715799.41,
1232,11716195.57,
1233,11715456.77,
1234,11716484.46,
1235,11716929.6,
1236,11717698.1,
1237,11717321.6,
1238,11715309,
1239,11715860.75,
1240,11715013.8,
1241,11714182.09,
1242,11714998.69,
1243,11714831.8,
1244,11714722.13,
1245,11715199.1,
1246,11713277.31,
1247,11713519.54,
1248,11714825.77,
1249,11714090.66,
1250,11715133.71,
1251,11714929.05,
1252,11715698.75,
1253,11714305.78,
1254,11715987.91,
1255,11715708.87,
1256,11714513.77,
1257,11714620.16,
1258,11714057.92,
1259,11713361.44,
1260,11714752.25,
1261,11713799.57,
1262,11713745.98,
1263,11713268.91,
1264,11714271.05,
1265,11712956.91,
1266,11713186.19,
1267,11713090.7,
1268,11713319.38,
1269,11713665.92,
1270,11712800.91,
1271,11714194.24,
1272,11715524.05,
1273,11714600.23,
1274,11712735.49,
1275,11714829.25,
1276,11711769.35,
1277,11714023.44,
1278,11712429.29,
1279,11713268.81,
1280,11712820.2,
1281,11713275.3,
1282,11713530.47,
1283,11711166.02,
1284,11713111.84,
1285,11711726.04,
1286,11713312.38,
1287,11712161.55,
1288,11713532.7,
1289,11713619.05,
1290,11712193.07,
1291,11713444.44,
1292,11712751.07,
1293,11712584.32,
1294,11712918.28,
1295,11713059.07,
1296,11712103.84,
1297,11712290.66,
1298,11710995.33,
1299,11711987.5,
1300,11712039.43,
1301,11712586.83,
1302,11712559.77,
1303,11713333.86,
1304,11712379.19,
1305,11713391.36,
1306,11713162.67,
1307,11711218.56,
1308,11711865.97,
1309,11712893.77,
1310,11713456.02,
1311,11713643.29,
1312,11711161.01,
1313,11712075.96,
1314,11712368.95,
1315,11711651.52,
1316,11711781.2,
1317,11711059.54,
1318,11711894.53,
1319,11711045.33,
1320,11711590.15,
1321,11710285.55,
1322,11711522.48,
1323,11710467.41,
1324,11711609.36,
1325,11711426.03,
1326,11712250.39,
1327,11712738.12,
1328,11713214.76,
1329,11712765.91,
1330,11712451.27,
1331,11710894.01,
1332,11712926.87,
1333,11711585.94,
1334,11710780.68,
1335,11712148.83,
1336,11711243.8,
1337,11711897.4,
1338,11711811.03,
1339,11710936.55,
1340,11710260.57,
1341,11710089.01,
1342,11711945.19,
1343,11711997.21,
1344,11712481.2,
1345,11712371.7,
1346,11711796.38,
1347,11711134.35,
1348,11711163.03,
1349,11712921.19,
1350,11712312.97,
1351,11710294.41,
1352,11712070.75,
1353,11710135.41,
1354,11711329.02,
1355,11711119.42,
1356,11710308.92,
1357,11710959.04,
1358,11710675.32,
1359,11710482.78,
1360,11711487.96,
1361,11712062.15,
1362,11712959,
1363,11711093.24,
1364,11711878.51,
1365,11710974.2,
1366,11710587.48,
1367,11711199.15,
1368,11711889.79,
1369,11711825.09,
1370,11711021.65,
1371,11710986.7,
1372,11710171.64,
1373,11710713.98,
1374,11709755.96,
1375,11710391.22,
1376,11709410.45,
1377,11710079.53,
1378,11710459.49,
1379,11710784.67,
1380,11711746.97,
1381,11711979.27,
1382,11711290.71,
1383,11710707.87,
1384,11710687.63,
1385,11711495.96,
1386,11711676.43,
1387,11711005.31,
1388,11710923.74,
1389,11709439.67,
1390,11711130.83,
1391,11708926.38,
1392,11708816.94,
1393,11710953.32,
1394,11709431.44,
1395,11710258.8,
1396,11710257.2,
1397,11709445.3,
1398,11710755.4,
1399,11709636.44,
1400,11711165.53,
1401,11711617.24,
1402,11711488.76,
1403,11712003.47,
1404,11709824.03,
1405,11711720.62,
1406,11710767.54,
1407,11710692.67,
1408,11709017.76,
1409,11711211.57,
1410,11709993.73,
1411,11709727.37,
1412,11709286.22,
1413,11710310.52,
1414,11709010.13,
1415,11709784.7,
1416,11709935.22,
1417,11710049.06,
1418,11711012.34,
1419,11710219.46,
1420,11712011.58,
1421,11710470.43,
1422,11711343.07,
1423,11710204.46,
1424,11711676.59,
1425,11710750.22,
1426,11709227.35,
1427,11710257.72,
1428,11708546.08,
1429,11709802.07,
1430,11709438.1,
1431,11709222.13,
1432,11708350.46,
1433,11709289.59,
1434,11709295.07,
1435,11710355.5,
1436,11711224.6,
1437,11709400.81,
1438,11711051.39,
1439,11711164.31,
1440,11710275.05,
1441,11710171.92,
1442,11711314.89,
1443,11711126.99,
1444,11709386.56,
1445,11708055.4,
1446,11709685.82,
1447,11710410.41,
1448,11709941.32,
1449,11710558.28,
1450,11709969.28,
1451,11710269.92,
1452,11709318.7,
1453,11709647.83,
1454,11709700.74,
1455,11711022.16,
1456,11711984.29,
1457,11710726.14,
1458,11711060.43,
1459,11710086.28,
1460,11711343.5,
1461,11710771.4,
1462,11710971.73,
1463,11710869.18,
1464,11710567.79,
1465,11710128.36,
1466,11711370.63,
1467,11710478.06,
1468,11710634.84,
1469,11711153.27,
1470,11710925.02,
1471,11710661.74,
1472,11711781.55,
1473,11711067.08,
1474,11713105.99,
1475,11713965.33,
1476,11713008.01,
1477,11711845.06,
1478,11713769.6,
1479,11712017.17,
1480,11712730.78,
1481,11712881.42,
1482,11711575.45,
1483,11711617.32,
1484,11712723.02,
1485,11711696.59,
1486,11713177.91,
1487,11711278.93,
1488,11712708.13,
1489,11712746.69,
1490,11710504.97,
1491,11712629.45,
1492,11713428.73,
1493,11714074.98,
1494,11713196.68,
1495,11712724.66,
1496,11711884.72,
1497,11713126.24,
1498,11712902.81,
1499,11712199.88,
1500,11712638.76,
1501,11712128.55,
1502,11712536.81,
1503,11711568.55,
1504,11712291.3,
1505,11712141.32,
1506,11712315.12,
1507,11711619.69,
1508,11712342.71,
1509,11712658.18,
1510,11713142.78,
1511,11713694.39,
1512,11714187.55,
1513,11713524.2,
1514,11713485.82,
1515,11713050.66,
1516,11713856.17,
1517,11712694.44,
1518,11712731.68,
1519,11710883.14,
1520,11711145.83,
1521,11711174.28,
1522,11712421.83,
1523,11712924.18,
1524,11711249.11,
1525,11711718.63,
1526,11712201.66,
1527,11711007.41,
1528,11711209.48,
1529,11712480.29,
1530,11711140.41,
1531,11711581.29,
1532,11711543.29,
1533,11712573.72,
1534,11714078.08,
1535,11712854.03,
1536,11711159.84,
1537,11711734.44,
1538,11710860.06,
1539,11710040.1,
1540,11710809.57,
1541,11711374.78,
1542,11710435.04,
1543,11710867.23,
1544,11710930.91,
1545,11710913.25,
1546,11710354.78,
1547,11711492.38,
1548,11711502.63,
1549,11712406.84,
1550,11710909.08,
1551,11711610.88,
1552,11710790.81,
1553,11712219.95,
1554,11711526.14,
1555,11710479.3,
1556,11710466.2,
1557,11709795,
1558,11712046.93,
1559,11709586.08,
1560,11711053.39,
1561,11711402.6,
1562,11710252.06,
1563,11710644.42,
1564,11710436.57,
1565,11710269.5,
1566,11710000.25,
1567,11711018.59,
1568,11711268.22,
1569,11712089.08,
1570,11710962.23,
1571,11710579.73,
1572,11710758.48,
1573,11711024.78,
1574,11710352.24,
1575,11710884.62,
1576,11710653.78,
1577,11709950.59,
