start,end,ori,sf,tf,contrast
31141,31231,0,0.02,1,0.8
86248,86338,0,0.02,1,0.8
87900,87990,0,0.02,1,0.8
112976,113066,0,0.02,1,0.8
132196,132286,0,0.02,1,0.8
184600,184690,0,0.02,1,0.8
218536,218626,0,0.02,1,0.8
221389,221479,0,0.02,1,0.8
23182,23272,0,0.02,2,0.8
41652,41742,0,0.02,2,0.8
69881,69971,0,0.02,2,0.8
73184,73274,0,0.02,2,0.8
84897,84987,0,0.02,2,0.8
91954,92044,0,0.02,2,0.8
187003,187093,0,0.02,2,0.8
194060,194150,0,0.02,2,0.8
112525,112615,0,0.02,4,0.8
113426,113516,0,0.02,4,0.8
113877,113967,0,0.02,4,0.8
115679,115769,0,0.02,4,0.8
204421,204511,0,0.02,4,0.8
212529,212619,0,0.02,4,0.8
231449,231539,0,0.02,4,0.8
235053,235143,0,0.02,4,0.8
63725,63815,0,0.02,8,0.8
81143,81233,0,0.02,8,0.8
97510,97600,0,0.02,8,0.8
122736,122826,0,0.02,8,0.8
190156,190246,0,0.02,8,0.8
202469,202559,0,0.02,8,0.8
214481,214571,0,0.02,8,0.8
236554,236644,0,0.02,8,0.8
43303,43393,0,0.02,15,0.8
79341,79431,0,0.02,15,0.8
114027,114117,0,0.02,15,0.8
127691,127781,0,0.02,15,0.8
129343,129433,0,0.02,15,0.8
132947,133037,0,0.02,15,0.8
142256,142346,0,0.02,15,0.8
163428,163518,0,0.02,15,0.8
26786,26876,0,0.04,1,0.8
35195,35285,0,0.04,1,0.8
98110,98200,0,0.04,1,0.8
117180,117270,0,0.04,1,0.8
143758,143848,0,0.04,1,0.8
161476,161566,0,0.04,1,0.8
229947,230038,0,0.04,1,0.8
236855,236945,0,0.04,1,0.8
6065,6155,0,0.04,2,0.8
15224,15314,0,0.04,2,0.8
55466,55556,0,0.04,2,0.8
110723,110814,0,0.04,2,0.8
179345,179435,0,0.04,2,0.8
204721,204811,0,0.04,2,0.8
207124,207214,0,0.04,2,0.8
220638,220728,0,0.04,2,0.8
9368,9458,0,0.04,4,0.8
34294,34384,0,0.04,4,0.8
46306,46396,0,0.04,4,0.8
73935,74025,0,0.04,4,0.8
81893,81984,0,0.04,4,0.8
96459,96549,0,0.04,4,0.8
115829,115919,0,0.04,4,0.8
240458,240549,0,0.04,4,0.8
11320,11410,0,0.04,8,0.8
36396,36486,0,0.04,8,0.8
40300,40390,0,0.04,8,0.8
113576,113666,0,0.04,8,0.8
156071,156161,0,0.04,8,0.8
189405,189495,0,0.04,8,0.8
199616,199706,0,0.04,8,0.8
235804,235894,0,0.04,8,0.8
31291,31381,0,0.04,15,0.8
31891,31981,0,0.04,15,0.8
80542,80632,0,0.04,15,0.8
106069,106159,0,0.04,15,0.8
123637,123727,0,0.04,15,0.8
159524,159614,0,0.04,15,0.8
167182,167272,0,0.04,15,0.8
171537,171627,0,0.04,15,0.8
359,449,0,0.08,1,0.8
16275,16365,0,0.08,1,0.8
67178,67268,0,0.08,1,0.8
94957,95047,0,0.08,1,0.8
111324,111414,0,0.08,1,0.8
130244,130334,0,0.08,1,0.8
157572,157662,0,0.08,1,0.8
213580,213671,0,0.08,1,0.8
42102,42192,0,0.08,2,0.8
47057,47147,0,0.08,2,0.8
64325,64415,0,0.08,2,0.8
77989,78079,0,0.08,2,0.8
118081,118171,0,0.08,2,0.8
126190,126280,0,0.08,2,0.8
179495,179585,0,0.08,2,0.8
185501,185591,0,0.08,2,0.8
23633,23723,0,0.08,4,0.8
88801,88891,0,0.08,4,0.8
90302,90392,0,0.08,4,0.8
105318,105408,0,0.08,4,0.8
168083,168173,0,0.08,4,0.8
173789,173879,0,0.08,4,0.8
204271,204361,0,0.08,4,0.8
227695,227785,0,0.08,4,0.8
32192,32282,0,0.08,8,0.8
52763,52853,0,0.08,8,0.8
92705,92795,0,0.08,8,0.8
125589,125679,0,0.08,8,0.8
129493,129583,0,0.08,8,0.8
146310,146401,0,0.08,8,0.8
221088,221178,0,0.08,8,0.8
221989,222079,0,0.08,8,0.8
15825,15915,0,0.08,15,0.8
20930,21020,0,0.08,15,0.8
102615,102705,0,0.08,15,0.8
109822,109913,0,0.08,15,0.8
127090,127181,0,0.08,15,0.8
190306,190396,0,0.08,15,0.8
200667,200757,0,0.08,15,0.8
236254,236344,0,0.08,15,0.8
17476,17566,0,0.16,1,0.8
102315,102405,0,0.16,1,0.8
111024,111114,0,0.16,1,0.8
188805,188895,0,0.16,1,0.8
203670,203760,0,0.16,1,0.8
211178,211268,0,0.16,1,0.8
213430,213520,0,0.16,1,0.8
230248,230338,0,0.16,1,0.8
18678,18768,0,0.16,2,0.8
27086,27176,0,0.16,2,0.8
33393,33483,0,0.16,2,0.8
50060,50150,0,0.16,2,0.8
53814,53904,0,0.16,2,0.8
72584,72674,0,0.16,2,0.8
104867,104957,0,0.16,2,0.8
177843,177933,0,0.16,2,0.8
43904,43994,0,0.16,4,0.8
70181,70271,0,0.16,4,0.8
99011,99101,0,0.16,4,0.8
107720,107810,0,0.16,4,0.8
113126,113216,0,0.16,4,0.8
169885,169975,0,0.16,4,0.8
229197,229287,0,0.16,4,0.8
229797,229887,0,0.16,4,0.8
18377,18467,0,0.16,8,0.8
49159,49249,0,0.16,8,0.8
103516,103606,0,0.16,8,0.8
148563,148653,0,0.16,8,0.8
149163,149254,0,0.16,8,0.8
181597,181687,0,0.16,8,0.8
190607,190697,0,0.16,8,0.8
239407,239497,0,0.16,8,0.8
26636,26726,0,0.16,15,0.8
44655,44745,0,0.16,15,0.8
114477,114567,0,0.16,15,0.8
131595,131685,0,0.16,15,0.8
140755,140845,0,0.16,15,0.8
155470,155560,0,0.16,15,0.8
219887,219977,0,0.16,15,0.8
228896,228986,0,0.16,15,0.8
659,749,0,0.32,1,0.8
29339,29429,0,0.32,1,0.8
30240,30330,0,0.32,1,0.8
44354,44444,0,0.32,1,0.8
76338,76428,0,0.32,1,0.8
96308,96399,0,0.32,1,0.8
148413,148503,0,0.32,1,0.8
226494,226584,0,0.32,1,0.8
9068,9158,0,0.32,2,0.8
40150,40240,0,0.32,2,0.8
60121,60211,0,0.32,2,0.8
118532,118622,0,0.32,2,0.8
133247,133337,0,0.32,2,0.8
138953,139043,0,0.32,2,0.8
208175,208265,0,0.32,2,0.8
211028,211118,0,0.32,2,0.8
21531,21621,0,0.32,4,0.8
21681,21771,0,0.32,4,0.8
70932,71022,0,0.32,4,0.8
81293,81383,0,0.32,4,0.8
100963,101053,0,0.32,4,0.8
104117,104207,0,0.32,4,0.8
196312,196403,0,0.32,4,0.8
238356,238446,0,0.32,4,0.8
27987,28077,0,0.32,8,0.8
47808,47898,0,0.32,8,0.8
118682,118772,0,0.32,8,0.8
138202,138292,0,0.32,8,0.8
151866,151956,0,0.32,8,0.8
180096,180186,0,0.32,8,0.8
215232,215322,0,0.32,8,0.8
236104,236194,0,0.32,8,0.8
30390,30480,0,0.32,15,0.8
53063,53154,0,0.32,15,0.8
68079,68169,0,0.32,15,0.8
120634,120724,0,0.32,15,0.8
144358,144449,0,0.32,15,0.8
182949,183039,0,0.32,15,0.8
223491,223581,0,0.32,15,0.8
225893,225983,0,0.32,15,0.8
3662,3752,45,0.02,1,0.8
23483,23573,45,0.02,1,0.8
30690,30780,45,0.02,1,0.8
32792,32882,45,0.02,1,0.8
33843,33934,45,0.02,1,0.8
96909,96999,45,0.02,1,0.8
215833,215923,45,0.02,1,0.8
233551,233641,45,0.02,1,0.8
97960,98050,45,0.02,2,0.8
110123,110213,45,0.02,2,0.8
164479,164569,45,0.02,2,0.8
172137,172227,45,0.02,2,0.8
187153,187243,45,0.02,2,0.8
196613,196703,45,0.02,2,0.8
209226,209316,45,0.02,2,0.8
235954,236044,45,0.02,2,0.8
5464,5554,45,0.02,4,0.8
48409,48499,45,0.02,4,0.8
70782,70872,45,0.02,4,0.8
95107,95197,45,0.02,4,0.8
127391,127481,45,0.02,4,0.8
191507,191598,45,0.02,4,0.8
203220,203310,45,0.02,4,0.8
223040,223130,45,0.02,4,0.8
7866,7956,45,0.02,8,0.8
56967,57058,45,0.02,8,0.8
95257,95347,45,0.02,8,0.8
100212,100303,45,0.02,8,0.8
111775,111865,45,0.02,8,0.8
149464,149554,45,0.02,8,0.8
179645,179735,45,0.02,8,0.8
188054,188144,45,0.02,8,0.8
3362,3452,45,0.02,15,0.8
8617,8707,45,0.02,15,0.8
64025,64115,45,0.02,15,0.8
67629,67719,45,0.02,15,0.8
121535,121625,45,0.02,15,0.8
131445,131535,45,0.02,15,0.8
174390,174480,45,0.02,15,0.8
185651,185741,45,0.02,15,0.8
76638,76728,45,0.04,1,0.8
123487,123577,45,0.04,1,0.8
125439,125529,45,0.04,1,0.8
161326,161416,45,0.04,1,0.8
183549,183639,45,0.04,1,0.8
195111,195201,45,0.04,1,0.8
205022,205112,45,0.04,1,0.8
223941,224031,45,0.04,1,0.8
82794,82884,45,0.04,2,0.8
109522,109612,45,0.04,2,0.8
112375,112465,45,0.04,2,0.8
140004,140094,45,0.04,2,0.8
162377,162467,45,0.04,2,0.8
163128,163218,45,0.04,2,0.8
196763,196853,45,0.04,2,0.8
234452,234542,45,0.04,2,0.8
5914,6004,45,0.04,4,0.8
11470,11560,45,0.04,4,0.8
32042,32132,45,0.04,4,0.8
44505,44595,45,0.04,4,0.8
113727,113817,45,0.04,4,0.8
177993,178084,45,0.04,4,0.8
237455,237545,45,0.04,4,0.8
238657,238747,45,0.04,4,0.8
50811,50901,45,0.04,8,0.8
73635,73725,45,0.04,8,0.8
79491,79581,45,0.04,8,0.8
91503,91594,45,0.04,8,0.8
95708,95798,45,0.04,8,0.8
175140,175231,45,0.04,8,0.8
180396,180486,45,0.04,8,0.8
215983,216073,45,0.04,8,0.8
35495,35585,45,0.04,15,0.8
49310,49400,45,0.04,15,0.8
97209,97299,45,0.04,15,0.8
110273,110363,45,0.04,15,0.8
120484,120574,45,0.04,15,0.8
144959,145049,45,0.04,15,0.8
232800,232891,45,0.04,15,0.8
232951,233041,45,0.04,15,0.8
73485,73575,45,0.08,1,0.8
100062,100152,45,0.08,1,0.8
105618,105708,45,0.08,1,0.8
130394,130484,45,0.08,1,0.8
165681,165771,45,0.08,1,0.8
215382,215472,45,0.08,1,0.8
239257,239347,45,0.08,1,0.8
240008,240098,45,0.08,1,0.8
39399,39489,45,0.08,2,0.8
42552,42643,45,0.08,2,0.8
47207,47297,45,0.08,2,0.8
85047,85137,45,0.08,2,0.8
114177,114267,45,0.08,2,0.8
147362,147452,45,0.08,2,0.8
158924,159014,45,0.08,2,0.8
176942,177032,45,0.08,2,0.8
34744,34834,45,0.08,4,0.8
66728,66818,45,0.08,4,0.8
101864,101954,45,0.08,4,0.8
109672,109762,45,0.08,4,0.8
144809,144899,45,0.08,4,0.8
175591,175681,45,0.08,4,0.8
203970,204061,45,0.08,4,0.8
233101,233191,45,0.08,4,0.8
3962,4052,45,0.08,8,0.8
15074,15164,45,0.08,8,0.8
79941,80031,45,0.08,8,0.8
80392,80482,45,0.08,8,0.8
174089,174179,45,0.08,8,0.8
216884,216974,45,0.08,8,0.8
224842,224932,45,0.08,8,0.8
234602,234692,45,0.08,8,0.8
509,599,45,0.08,15,0.8
7116,7206,45,0.08,15,0.8
47658,47748,45,0.08,15,0.8
65977,66067,45,0.08,15,0.8
94206,94296,45,0.08,15,0.8
152917,153007,45,0.08,15,0.8
168534,168624,45,0.08,15,0.8
227095,227185,45,0.08,15,0.8
3061,3151,45,0.16,1,0.8
33994,34084,45,0.16,1,0.8
44204,44294,45,0.16,1,0.8
145109,145199,45,0.16,1,0.8
149914,150004,45,0.16,1,0.8
195562,195652,45,0.16,1,0.8
217785,217875,45,0.16,1,0.8
232200,232290,45,0.16,1,0.8
3212,3302,45,0.16,2,0.8
13722,13813,45,0.16,2,0.8
19278,19368,45,0.16,2,0.8
86999,87089,45,0.16,2,0.8
151266,151356,45,0.16,2,0.8
171987,172077,45,0.16,2,0.8
197664,197754,45,0.16,2,0.8
218836,218926,45,0.16,2,0.8
10419,10509,45,0.16,4,0.8
63424,63514,45,0.16,4,0.8
71082,71172,45,0.16,4,0.8
91353,91443,45,0.16,4,0.8
186702,186793,45,0.16,4,0.8
190907,190997,45,0.16,4,0.8
207424,207514,45,0.16,4,0.8
234152,234242,45,0.16,4,0.8
11620,11710,45,0.16,8,0.8
66577,66668,45,0.16,8,0.8
87599,87689,45,0.16,8,0.8
105017,105108,45,0.16,8,0.8
117480,117571,45,0.16,8,0.8
138352,138442,45,0.16,8,0.8
145259,145349,45,0.16,8,0.8
173188,173279,45,0.16,8,0.8
10119,10209,45,0.16,15,0.8
75887,75977,45,0.16,15,0.8
92404,92494,45,0.16,15,0.8
103816,103906,45,0.16,15,0.8
152467,152557,45,0.16,15,0.8
159825,159915,45,0.16,15,0.8
183249,183339,45,0.16,15,0.8
191357,191447,45,0.16,15,0.8
7566,7656,45,0.32,1,0.8
27237,27327,45,0.32,1,0.8
41051,41141,45,0.32,1,0.8
49610,49700,45,0.32,1,0.8
108771,108861,45,0.32,1,0.8
124538,124628,45,0.32,1,0.8
155320,155410,45,0.32,1,0.8
226794,226884,45,0.32,1,0.8
35345,35435,45,0.32,2,0.8
36847,36937,45,0.32,2,0.8
80992,81083,45,0.32,2,0.8
178894,178984,45,0.32,2,0.8
185802,185892,45,0.32,2,0.8
215683,215773,45,0.32,2,0.8
218235,218325,45,0.32,2,0.8
229647,229737,45,0.32,2,0.8
25885,25975,45,0.32,4,0.8
67779,67869,45,0.32,4,0.8
131745,131835,45,0.32,4,0.8
163578,163669,45,0.32,4,0.8
185351,185441,45,0.32,4,0.8
193009,193099,45,0.32,4,0.8
222890,222980,45,0.32,4,0.8
226644,226734,45,0.32,4,0.8
8317,8407,45,0.32,8,0.8
90152,90242,45,0.32,8,0.8
106219,106309,45,0.32,8,0.8
131145,131235,45,0.32,8,0.8
214782,214872,45,0.32,8,0.8
221839,221929,45,0.32,8,0.8
223190,223281,45,0.32,8,0.8
237605,237696,45,0.32,8,0.8
69130,69220,45,0.32,15,0.8
122586,122676,45,0.32,15,0.8
172438,172528,45,0.32,15,0.8
179945,180036,45,0.32,15,0.8
192108,192198,45,0.32,15,0.8
199766,199856,45,0.32,15,0.8
209376,209466,45,0.32,15,0.8
232050,232140,45,0.32,15,0.8
5013,5104,90,0.02,1,0.8
21230,21320,90,0.02,1,0.8
35645,35735,90,0.02,1,0.8
67328,67418,90,0.02,1,0.8
95558,95648,90,0.02,1,0.8
178444,178534,90,0.02,1,0.8
226344,226434,90,0.02,1,0.8
238957,239047,90,0.02,1,0.8
44955,45045,90,0.02,2,0.8
46457,46547,90,0.02,2,0.8
52613,52703,90,0.02,2,0.8
65226,65316,90,0.02,2,0.8
103666,103756,90,0.02,2,0.8
106519,106609,90,0.02,2,0.8
204571,204661,90,0.02,2,0.8
217485,217575,90,0.02,2,0.8
46156,46246,90,0.02,4,0.8
52463,52553,90,0.02,4,0.8
106819,106909,90,0.02,4,0.8
108922,109012,90,0.02,4,0.8
119282,119372,90,0.02,4,0.8
130544,130634,90,0.02,4,0.8
192408,192499,90,0.02,4,0.8
202919,203009,90,0.02,4,0.8
56217,56307,90,0.02,8,0.8
68830,68920,90,0.02,8,0.8
132046,132136,90,0.02,8,0.8
155020,155110,90,0.02,8,0.8
166582,166672,90,0.02,8,0.8
182348,182438,90,0.02,8,0.8
229047,229137,90,0.02,8,0.8
229497,229587,90,0.02,8,0.8
38498,38588,90,0.02,15,0.8
44054,44144,90,0.02,15,0.8
56667,56757,90,0.02,15,0.8
100363,100453,90,0.02,15,0.8
165530,165621,90,0.02,15,0.8
169284,169374,90,0.02,15,0.8
195412,195502,90,0.02,15,0.8
222139,222229,90,0.02,15,0.8
19128,19218,90,0.04,1,0.8
57718,57808,90,0.04,1,0.8
69731,69821,90,0.04,1,0.8
163278,163368,90,0.04,1,0.8
179045,179135,90,0.04,1,0.8
203820,203910,90,0.04,1,0.8
231299,231389,90,0.04,1,0.8
233401,233491,90,0.04,1,0.8
10569,10659,90,0.04,2,0.8
75437,75527,90,0.04,2,0.8
88200,88290,90,0.04,2,0.8
96008,96098,90,0.04,2,0.8
101113,101204,90,0.04,2,0.8
140905,140995,90,0.04,2,0.8
184000,184090,90,0.04,2,0.8
223791,223881,90,0.04,2,0.8
24534,24624,90,0.04,4,0.8
68980,69070,90,0.04,4,0.8
85497,85587,90,0.04,4,0.8
96609,96699,90,0.04,4,0.8
129943,130034,90,0.04,4,0.8
147962,148052,90,0.04,4,0.8
191658,191748,90,0.04,4,0.8
201117,201208,90,0.04,4,0.8
13272,13362,90,0.04,8,0.8
26035,26125,90,0.04,8,0.8
58169,58259,90,0.04,8,0.8
74836,74926,90,0.04,8,0.8
95407,95498,90,0.04,8,0.8
150064,150154,90,0.04,8,0.8
158623,158713,90,0.04,8,0.8
225293,225383,90,0.04,8,0.8
20329,20419,90,0.04,15,0.8
77839,77929,90,0.04,15,0.8
147211,147301,90,0.04,15,0.8
161777,161867,90,0.04,15,0.8
209827,209917,90,0.04,15,0.8
224091,224181,90,0.04,15,0.8
230098,230188,90,0.04,15,0.8
240158,240248,90,0.04,15,0.8
13122,13212,90,0.08,1,0.8
50361,50451,90,0.08,1,0.8
55015,55106,90,0.08,1,0.8
111174,111264,90,0.08,1,0.8
174840,174930,90,0.08,1,0.8
179195,179285,90,0.08,1,0.8
203520,203610,90,0.08,1,0.8
212079,212169,90,0.08,1,0.8
62523,62613,90,0.08,2,0.8
89852,89942,90,0.08,2,0.8
115378,115468,90,0.08,2,0.8
135049,135139,90,0.08,2,0.8
135349,135439,90,0.08,2,0.8
162828,162918,90,0.08,2,0.8
202619,202709,90,0.08,2,0.8
227995,228086,90,0.08,2,0.8
1560,1650,90,0.08,4,0.8
57268,57358,90,0.08,4,0.8
98861,98951,90,0.08,4,0.8
120033,120123,90,0.08,4,0.8
141806,141896,90,0.08,4,0.8
171387,171477,90,0.08,4,0.8
188504,188594,90,0.08,4,0.8
231149,231239,90,0.08,4,0.8
32342,32432,90,0.08,8,0.8
61772,61863,90,0.08,8,0.8
78140,78230,90,0.08,8,0.8
85197,85287,90,0.08,8,0.8
133397,133487,90,0.08,8,0.8
176792,176882,90,0.08,8,0.8
181747,181837,90,0.08,8,0.8
226194,226284,90,0.08,8,0.8
25134,25224,90,0.08,15,0.8
81593,81683,90,0.08,15,0.8
91804,91894,90,0.08,15,0.8
132496,132586,90,0.08,15,0.8
138502,138592,90,0.08,15,0.8
143007,143097,90,0.08,15,0.8
156821,156911,90,0.08,15,0.8
183099,183189,90,0.08,15,0.8
45856,45946,90,0.16,1,0.8
68379,68469,90,0.16,1,0.8
74536,74626,90,0.16,1,0.8
82494,82584,90,0.16,1,0.8
111474,111564,90,0.16,1,0.8
139704,139794,90,0.16,1,0.8
151416,151506,90,0.16,1,0.8
206523,206613,90,0.16,1,0.8
14323,14413,90,0.16,2,0.8
14774,14864,90,0.16,2,0.8
77389,77479,90,0.16,2,0.8
116880,116970,90,0.16,2,0.8
139403,139493,90,0.16,2,0.8
159074,159164,90,0.16,2,0.8
206823,206914,90,0.16,2,0.8
210427,210517,90,0.16,2,0.8
116129,116219,90,0.16,4,0.8
118381,118471,90,0.16,4,0.8
120183,120273,90,0.16,4,0.8
126039,126129,90,0.16,4,0.8
156521,156611,90,0.16,4,0.8
160275,160365,90,0.16,4,0.8
168834,168924,90,0.16,4,0.8
213280,213370,90,0.16,4,0.8
12221,12311,90,0.16,8,0.8
43754,43844,90,0.16,8,0.8
86398,86488,90,0.16,8,0.8
92855,92945,90,0.16,8,0.8
114928,115018,90,0.16,8,0.8
122436,122526,90,0.16,8,0.8
217184,217274,90,0.16,8,0.8
227545,227635,90,0.16,8,0.8
24083,24173,90,0.16,15,0.8
79791,79881,90,0.16,15,0.8
128292,128382,90,0.16,15,0.8
167332,167422,90,0.16,15,0.8
180246,180336,90,0.16,15,0.8
210878,210968,90,0.16,15,0.8
217935,218025,90,0.16,15,0.8
227395,227485,90,0.16,15,0.8
38648,38739,90,0.32,1,0.8
108021,108111,90,0.32,1,0.8
123186,123276,90,0.32,1,0.8
124388,124478,90,0.32,1,0.8
137451,137541,90,0.32,1,0.8
183699,183789,90,0.32,1,0.8
213731,213821,90,0.32,1,0.8
237005,237095,90,0.32,1,0.8
9818,9909,90,0.32,2,0.8
13572,13662,90,0.32,2,0.8
16425,16515,90,0.32,2,0.8
95858,95948,90,0.32,2,0.8
107570,107660,90,0.32,2,0.8
118231,118321,90,0.32,2,0.8
122135,122225,90,0.32,2,0.8
207875,207965,90,0.32,2,0.8
46006,46096,90,0.32,4,0.8
80092,80182,90,0.32,4,0.8
96759,96849,90,0.32,4,0.8
100813,100903,90,0.32,4,0.8
123787,123877,90,0.32,4,0.8
142857,142947,90,0.32,4,0.8
209076,209166,90,0.32,4,0.8
211929,212019,90,0.32,4,0.8
8917,9008,90,0.32,8,0.8
54865,54955,90,0.32,8,0.8
68530,68620,90,0.32,8,0.8
100663,100753,90,0.32,8,0.8
147812,147902,90,0.32,8,0.8
172588,172678,90,0.32,8,0.8
180546,180636,90,0.32,8,0.8
190456,190546,90,0.32,8,0.8
79040,79131,90,0.32,15,0.8
83695,83785,90,0.32,15,0.8
108471,108561,90,0.32,15,0.8
115228,115318,90,0.32,15,0.8
191808,191898,90,0.32,15,0.8
199015,199105,90,0.32,15,0.8
232350,232440,90,0.32,15,0.8
239557,239648,90,0.32,15,0.8
29489,29579,135,0.02,1,0.8
35045,35135,135,0.02,1,0.8
58019,58109,135,0.02,1,0.8
64625,64716,135,0.02,1,0.8
119132,119222,135,0.02,1,0.8
148262,148353,135,0.02,1,0.8
170786,170876,135,0.02,1,0.8
231599,231689,135,0.02,1,0.8
35946,36036,135,0.02,2,0.8
75587,75677,135,0.02,2,0.8
104717,104807,135,0.02,2,0.8
143908,143998,135,0.02,2,0.8
150215,150305,135,0.02,2,0.8
152167,152257,135,0.02,2,0.8
156671,156761,135,0.02,2,0.8
157872,157963,135,0.02,2,0.8
49460,49550,135,0.02,4,0.8
75287,75377,135,0.02,4,0.8
143157,143247,135,0.02,4,0.8
170636,170726,135,0.02,4,0.8
188955,189045,135,0.02,4,0.8
189856,189946,135,0.02,4,0.8
220037,220127,135,0.02,4,0.8
236404,236494,135,0.02,4,0.8
6515,6605,135,0.02,8,0.8
8017,8107,135,0.02,8,0.8
106369,106459,135,0.02,8,0.8
119583,119673,135,0.02,8,0.8
126790,126880,135,0.02,8,0.8
194511,194601,135,0.02,8,0.8
206073,206163,135,0.02,8,0.8
233852,233942,135,0.02,8,0.8
55616,55706,135,0.02,15,0.8
83095,83185,135,0.02,15,0.8
121835,121925,135,0.02,15,0.8
144659,144749,135,0.02,15,0.8
145560,145650,135,0.02,15,0.8
162978,163068,135,0.02,15,0.8
206223,206313,135,0.02,15,0.8
218986,219076,135,0.02,15,0.8
6365,6455,135,0.04,1,0.8
33243,33333,135,0.04,1,0.8
121685,121775,135,0.04,1,0.8
148863,148953,135,0.04,1,0.8
168684,168774,135,0.04,1,0.8
172287,172378,135,0.04,1,0.8
172738,172828,135,0.04,1,0.8
183399,183489,135,0.04,1,0.8
55166,55256,135,0.04,2,0.8
61172,61262,135,0.04,2,0.8
86098,86188,135,0.04,2,0.8
88050,88140,135,0.04,2,0.8
108171,108261,135,0.04,2,0.8
197364,197454,135,0.04,2,0.8
208325,208415,135,0.04,2,0.8
208475,208565,135,0.04,2,0.8
13873,13963,135,0.04,4,0.8
26185,26276,135,0.04,4,0.8
52313,52403,135,0.04,4,0.8
53514,53604,135,0.04,4,0.8
107420,107510,135,0.04,4,0.8
147512,147602,135,0.04,4,0.8
197063,197153,135,0.04,4,0.8
237756,237846,135,0.04,4,0.8
23032,23122,135,0.04,8,0.8
101414,101504,135,0.04,8,0.8
148112,148202,135,0.04,8,0.8
153668,153758,135,0.04,8,0.8
154569,154659,135,0.04,8,0.8
167482,167573,135,0.04,8,0.8
232500,232590,135,0.04,8,0.8
236705,236795,135,0.04,8,0.8
38048,38138,135,0.04,15,0.8
41501,41591,135,0.04,15,0.8
64776,64866,135,0.04,15,0.8
66878,66968,135,0.04,15,0.8
102465,102555,135,0.04,15,0.8
150965,151055,135,0.04,15,0.8
194661,194751,135,0.04,15,0.8
227245,227335,135,0.04,15,0.8
136250,136340,135,0.08,1,0.8
137902,137992,135,0.08,1,0.8
191207,191297,135,0.08,1,0.8
191958,192048,135,0.08,1,0.8
204121,204211,135,0.08,1,0.8
210577,210667,135,0.08,1,0.8
210727,210818,135,0.08,1,0.8
237305,237395,135,0.08,1,0.8
17777,17867,135,0.08,2,0.8
32942,33033,135,0.08,2,0.8
43453,43544,135,0.08,2,0.8
76788,76878,135,0.08,2,0.8
78440,78530,135,0.08,2,0.8
94507,94597,135,0.08,2,0.8
181297,181387,135,0.08,2,0.8
220187,220277,135,0.08,2,0.8
22882,22972,135,0.08,4,0.8
46607,46697,135,0.08,4,0.8
102165,102255,135,0.08,4,0.8
154419,154509,135,0.08,4,0.8
175291,175381,135,0.08,4,0.8
184901,184991,135,0.08,4,0.8
230698,230788,135,0.08,4,0.8
233251,233341,135,0.08,4,0.8
58920,59010,135,0.08,8,0.8
87449,87539,135,0.08,8,0.8
88500,88590,135,0.08,8,0.8
90002,90092,135,0.08,8,0.8
137301,137391,135,0.08,8,0.8
151716,151806,135,0.08,8,0.8
164630,164720,135,0.08,8,0.8
185051,185141,135,0.08,8,0.8
15374,15464,135,0.08,15,0.8
22281,22371,135,0.08,15,0.8
30990,31081,135,0.08,15,0.8
54715,54805,135,0.08,15,0.8
59820,59911,135,0.08,15,0.8
128442,128532,135,0.08,15,0.8
132646,132736,135,0.08,15,0.8
160575,160665,135,0.08,15,0.8
43604,43694,135,0.16,1,0.8
59070,59160,135,0.16,1,0.8
70031,70121,135,0.16,1,0.8
80842,80932,135,0.16,1,0.8
89551,89641,135,0.16,1,0.8
97360,97450,135,0.16,1,0.8
141205,141295,135,0.16,1,0.8
201868,201958,135,0.16,1,0.8
5164,5254,135,0.16,2,0.8
16125,16215,135,0.16,2,0.8
24984,25074,135,0.16,2,0.8
52913,53003,135,0.16,2,0.8
130844,130934,135,0.16,2,0.8
146761,146851,135,0.16,2,0.8
159975,160065,135,0.16,2,0.8
221238,221329,135,0.16,2,0.8
8467,8557,135,0.16,4,0.8
54415,54505,135,0.16,4,0.8
61322,61412,135,0.16,4,0.8
72734,72824,135,0.16,4,0.8
113276,113366,135,0.16,4,0.8
130094,130184,135,0.16,4,0.8
182498,182588,135,0.16,4,0.8
234752,234843,135,0.16,4,0.8
25735,25825,135,0.16,8,0.8
27837,27927,135,0.16,8,0.8
97059,97149,135,0.16,8,0.8
99762,99852,135,0.16,8,0.8
126940,127030,135,0.16,8,0.8
129042,129133,135,0.16,8,0.8
170035,170125,135,0.16,8,0.8
171687,171777,135,0.16,8,0.8
30540,30630,135,0.16,15,0.8
61923,62013,135,0.16,15,0.8
77689,77779,135,0.16,15,0.8
93005,93095,135,0.16,15,0.8
134598,134688,135,0.16,15,0.8
143307,143397,135,0.16,15,0.8
147662,147752,135,0.16,15,0.8
216734,216824,135,0.16,15,0.8
3812,3902,135,0.32,1,0.8
21981,22071,135,0.32,1,0.8
68680,68770,135,0.32,1,0.8
126340,126430,135,0.32,1,0.8
150515,150605,135,0.32,1,0.8
153368,153458,135,0.32,1,0.8
175741,175831,135,0.32,1,0.8
230548,230638,135,0.32,1,0.8
45706,45796,135,0.32,2,0.8
57118,57208,135,0.32,2,0.8
85948,86038,135,0.32,2,0.8
94056,94146,135,0.32,2,0.8
158773,158864,135,0.32,2,0.8
171086,171176,135,0.32,2,0.8
182798,182889,135,0.32,2,0.8
202769,202859,135,0.32,2,0.8
1109,1199,135,0.32,4,0.8
42252,42342,135,0.32,4,0.8
65376,65466,135,0.32,4,0.8
72434,72524,135,0.32,4,0.8
124087,124177,135,0.32,4,0.8
153968,154059,135,0.32,4,0.8
211628,211719,135,0.32,4,0.8
230999,231089,135,0.32,4,0.8
20029,20119,135,0.32,8,0.8
20630,20720,135,0.32,8,0.8
20780,20870,135,0.32,8,0.8
42402,42492,135,0.32,8,0.8
98561,98651,135,0.32,8,0.8
106669,106759,135,0.32,8,0.8
131295,131385,135,0.32,8,0.8
215532,215623,135,0.32,8,0.8
4112,4203,135,0.32,15,0.8
7416,7506,135,0.32,15,0.8
11770,11861,135,0.32,15,0.8
69430,69521,135,0.32,15,0.8
112675,112766,135,0.32,15,0.8
130995,131085,135,0.32,15,0.8
156221,156311,135,0.32,15,0.8
239858,239948,135,0.32,15,0.8
1260,1350,180,0.02,1,0.8
14023,14113,180,0.02,1,0.8
36696,36786,180,0.02,1,0.8
46907,46997,180,0.02,1,0.8
157122,157212,180,0.02,1,0.8
212379,212469,180,0.02,1,0.8
217034,217124,180,0.02,1,0.8
228296,228386,180,0.02,1,0.8
9668,9758,180,0.02,2,0.8
65076,65166,180,0.02,2,0.8
71983,72073,180,0.02,2,0.8
104417,104507,180,0.02,2,0.8
160876,160966,180,0.02,2,0.8
169134,169224,180,0.02,2,0.8
176642,176732,180,0.02,2,0.8
229347,229437,180,0.02,2,0.8
48709,48799,180,0.02,4,0.8
72283,72374,180,0.02,4,0.8
92555,92645,180,0.02,4,0.8
110874,110964,180,0.02,4,0.8
129643,129733,180,0.02,4,0.8
136550,136640,180,0.02,4,0.8
141956,142046,180,0.02,4,0.8
167783,167873,180,0.02,4,0.8
12822,12912,180,0.02,8,0.8
17176,17266,180,0.02,8,0.8
38348,38438,180,0.02,8,0.8
48559,48649,180,0.02,8,0.8
65526,65616,180,0.02,8,0.8
138052,138142,180,0.02,8,0.8
157272,157362,180,0.02,8,0.8
225743,225833,180,0.02,8,0.8
18978,19068,180,0.02,15,0.8
50661,50751,180,0.02,15,0.8
61022,61112,180,0.02,15,0.8
91654,91744,180,0.02,15,0.8
111925,112015,180,0.02,15,0.8
169735,169825,180,0.02,15,0.8
173038,173128,180,0.02,15,0.8
208025,208115,180,0.02,15,0.8
12671,12761,180,0.04,1,0.8
16876,16966,180,0.04,1,0.8
17627,17717,180,0.04,1,0.8
37898,37988,180,0.04,1,0.8
85647,85737,180,0.04,1,0.8
93606,93696,180,0.04,1,0.8
161176,161266,180,0.04,1,0.8
222440,222530,180,0.04,1,0.8
49009,49099,180,0.04,2,0.8
60271,60361,180,0.04,2,0.8
83845,83936,180,0.04,2,0.8
88350,88440,180,0.04,2,0.8
117631,117721,180,0.04,2,0.8
121084,121174,180,0.04,2,0.8
206974,207064,180,0.04,2,0.8
218686,218776,180,0.04,2,0.8
6215,6305,180,0.04,4,0.8
40901,40991,180,0.04,4,0.8
66277,66367,180,0.04,4,0.8
116429,116519,180,0.04,4,0.8
123036,123126,180,0.04,4,0.8
124838,124928,180,0.04,4,0.8
169585,169675,180,0.04,4,0.8
179795,179885,180,0.04,4,0.8
62073,62163,180,0.04,8,0.8
85797,85888,180,0.04,8,0.8
155620,155710,180,0.04,8,0.8
161927,162017,180,0.04,8,0.8
177393,177483,180,0.04,8,0.8
182048,182138,180,0.04,8,0.8
214932,215022,180,0.04,8,0.8
219587,219677,180,0.04,8,0.8
17326,17416,180,0.04,15,0.8
22131,22221,180,0.04,15,0.8
121985,122075,180,0.04,15,0.8
168984,169074,180,0.04,15,0.8
186552,186642,180,0.04,15,0.8
211328,211418,180,0.04,15,0.8
225142,225233,180,0.04,15,0.8
238506,238596,180,0.04,15,0.8
19879,19969,180,0.08,1,0.8
23783,23873,180,0.08,1,0.8
84746,84836,180,0.08,1,0.8
103065,103156,180,0.08,1,0.8
116730,116820,180,0.08,1,0.8
178744,178834,180,0.08,1,0.8
189255,189345,180,0.08,1,0.8
200817,200907,180,0.08,1,0.8
959,1049,180,0.08,2,0.8
15975,16065,180,0.08,2,0.8
63875,63965,180,0.08,2,0.8
112225,112315,180,0.08,2,0.8
154119,154209,180,0.08,2,0.8
199916,200006,180,0.08,2,0.8
214331,214421,180,0.08,2,0.8
239107,239197,180,0.08,2,0.8
11020,11110,180,0.08,4,0.8
41201,41291,180,0.08,4,0.8
54115,54205,180,0.08,4,0.8
120784,120874,180,0.08,4,0.8
134448,134538,180,0.08,4,0.8
151115,151206,180,0.08,4,0.8
153818,153908,180,0.08,4,0.8
195712,195802,180,0.08,4,0.8
62974,63064,180,0.08,8,0.8
109222,109312,180,0.08,8,0.8
114627,114718,180,0.08,8,0.8
140605,140695,180,0.08,8,0.8
188354,188444,180,0.08,8,0.8
192859,192949,180,0.08,8,0.8
193760,193850,180,0.08,8,0.8
205322,205412,180,0.08,8,0.8
8167,8257,180,0.08,15,0.8
14173,14263,180,0.08,15,0.8
90602,90693,180,0.08,15,0.8
134298,134388,180,0.08,15,0.8
155170,155260,180,0.08,15,0.8
180997,181087,180,0.08,15,0.8
203070,203160,180,0.08,15,0.8
228746,228836,180,0.08,15,0.8
2611,2701,180,0.16,1,0.8
29189,29279,180,0.16,1,0.8
58319,58409,180,0.16,1,0.8
133998,134088,180,0.16,1,0.8
155920,156011,180,0.16,1,0.8
186853,186943,180,0.16,1,0.8
192258,192348,180,0.16,1,0.8
235503,235593,180,0.16,1,0.8
70482,70572,180,0.16,2,0.8
71382,71473,180,0.16,2,0.8
78890,78980,180,0.16,2,0.8
94356,94446,180,0.16,2,0.8
119733,119823,180,0.16,2,0.8
124988,125078,180,0.16,2,0.8
154269,154359,180,0.16,2,0.8
193610,193700,180,0.16,2,0.8
6665,6755,180,0.16,4,0.8
73034,73124,180,0.16,4,0.8
103966,104056,180,0.16,4,0.8
117330,117420,180,0.16,4,0.8
127991,128081,180,0.16,4,0.8
197213,197304,180,0.16,4,0.8
201568,201658,180,0.16,4,0.8
216133,216223,180,0.16,4,0.8
56367,56457,180,0.16,8,0.8
119883,119973,180,0.16,8,0.8
126490,126580,180,0.16,8,0.8
141355,141445,180,0.16,8,0.8
187453,187543,180,0.16,8,0.8
199316,199406,180,0.16,8,0.8
208775,208866,180,0.16,8,0.8
211478,211568,180,0.16,8,0.8
37747,37838,180,0.16,15,0.8
42853,42943,180,0.16,15,0.8
57868,57959,180,0.16,15,0.8
98711,98801,180,0.16,15,0.8
123937,124027,180,0.16,15,0.8
149614,149704,180,0.16,15,0.8
164029,164119,180,0.16,15,0.8
220788,220878,180,0.16,15,0.8
6815,6905,180,0.32,1,0.8
18828,18918,180,0.32,1,0.8
27687,27777,180,0.32,1,0.8
28137,28228,180,0.32,1,0.8
38949,39039,180,0.32,1,0.8
138652,138743,180,0.32,1,0.8
163729,163819,180,0.32,1,0.8
224692,224782,180,0.32,1,0.8
19428,19519,180,0.32,2,0.8
62223,62313,180,0.32,2,0.8
114778,114868,180,0.32,2,0.8
125289,125379,180,0.32,2,0.8
127241,127331,180,0.32,2,0.8
160725,160816,180,0.32,2,0.8
161626,161716,180,0.32,2,0.8
216433,216524,180,0.32,2,0.8
34594,34684,180,0.32,4,0.8
39099,39189,180,0.32,4,0.8
51712,51802,180,0.32,4,0.8
66127,66217,180,0.32,4,0.8
140454,140544,180,0.32,4,0.8
193460,193550,180,0.32,4,0.8
198715,198805,180,0.32,4,0.8
212980,213070,180,0.32,4,0.8
14924,15014,180,0.32,8,0.8
59520,59610,180,0.32,8,0.8
93906,93996,180,0.32,8,0.8
107270,107360,180,0.32,8,0.8
116279,116369,180,0.32,8,0.8
121234,121324,180,0.32,8,0.8
142106,142196,180,0.32,8,0.8
144058,144148,180,0.32,8,0.8
46757,46847,180,0.32,15,0.8
48108,48198,180,0.32,15,0.8
53214,53304,180,0.32,15,0.8
83245,83335,180,0.32,15,0.8
98411,98501,180,0.32,15,0.8
108621,108711,180,0.32,15,0.8
155770,155860,180,0.32,15,0.8
166431,166521,180,0.32,15,0.8
28888,28978,225,0.02,1,0.8
50961,51051,225,0.02,1,0.8
76187,76278,225,0.02,1,0.8
80692,80782,225,0.02,1,0.8
157422,157512,225,0.02,1,0.8
158473,158563,225,0.02,1,0.8
168233,168323,225,0.02,1,0.8
230398,230488,225,0.02,1,0.8
11921,12011,225,0.02,2,0.8
14623,14714,225,0.02,2,0.8
51111,51201,225,0.02,2,0.8
76037,76127,225,0.02,2,0.8
77539,77629,225,0.02,2,0.8
98260,98351,225,0.02,2,0.8
122285,122376,225,0.02,2,0.8
128592,128682,225,0.02,2,0.8
7266,7356,225,0.02,4,0.8
29789,29879,225,0.02,4,0.8
40000,40090,225,0.02,4,0.8
79641,79731,225,0.02,4,0.8
131895,131986,225,0.02,4,0.8
132346,132436,225,0.02,4,0.8
196012,196102,225,0.02,4,0.8
217334,217424,225,0.02,4,0.8
20480,20570,225,0.02,8,0.8
97660,97750,225,0.02,8,0.8
146010,146100,225,0.02,8,0.8
167633,167723,225,0.02,8,0.8
200066,200156,225,0.02,8,0.8
209526,209616,225,0.02,8,0.8
212229,212319,225,0.02,8,0.8
219136,219226,225,0.02,8,0.8
17026,17116,225,0.02,15,0.8
18077,18167,225,0.02,15,0.8
59670,59760,225,0.02,15,0.8
117030,117120,225,0.02,15,0.8
137001,137091,225,0.02,15,0.8
162077,162167,225,0.02,15,0.8
202319,202409,225,0.02,15,0.8
234002,234092,225,0.02,15,0.8
14473,14563,225,0.04,1,0.8
16726,16816,225,0.04,1,0.8
24684,24774,225,0.04,1,0.8
64475,64565,225,0.04,1,0.8
176492,176582,225,0.04,1,0.8
198114,198204,225,0.04,1,0.8
218385,218476,225,0.04,1,0.8
238206,238296,225,0.04,1,0.8
31741,31831,225,0.04,2,0.8
81443,81533,225,0.04,2,0.8
105768,105858,225,0.04,2,0.8
125138,125229,225,0.04,2,0.8
152767,152857,225,0.04,2,0.8
172888,172978,225,0.04,2,0.8
225443,225533,225,0.04,2,0.8
238056,238146,225,0.04,2,0.8
9218,9308,225,0.04,4,0.8
32642,32732,225,0.04,4,0.8
51412,51502,225,0.04,4,0.8
51862,51952,225,0.04,4,0.8
84296,84386,225,0.04,4,0.8
86548,86638,225,0.04,4,0.8
99312,99402,225,0.04,4,0.8
159224,159314,225,0.04,4,0.8
74235,74326,225,0.04,8,0.8
130694,130784,225,0.04,8,0.8
150365,150455,225,0.04,8,0.8
176342,176432,225,0.04,8,0.8
184450,184540,225,0.04,8,0.8
190757,190847,225,0.04,8,0.8
220938,221028,225,0.04,8,0.8
233701,233791,225,0.04,8,0.8
20179,20269,225,0.04,15,0.8
45556,45646,225,0.04,15,0.8
93155,93245,225,0.04,15,0.8
171837,171927,225,0.04,15,0.8
190006,190096,225,0.04,15,0.8
215082,215172,225,0.04,15,0.8
219437,219527,225,0.04,15,0.8
220488,220578,225,0.04,15,0.8
12521,12611,225,0.08,1,0.8
18227,18317,225,0.08,1,0.8
24834,24924,225,0.08,1,0.8
26486,26576,225,0.08,1,0.8
88951,89041,225,0.08,1,0.8
189555,189646,225,0.08,1,0.8
231749,231839,225,0.08,1,0.8
235353,235443,225,0.08,1,0.8
52162,52253,225,0.08,2,0.8
127541,127631,225,0.08,2,0.8
143457,143548,225,0.08,2,0.8
154719,154809,225,0.08,2,0.8
159374,159464,225,0.08,2,0.8
191057,191147,225,0.08,2,0.8
195261,195351,225,0.08,2,0.8
200367,200457,225,0.08,2,0.8
5764,5854,225,0.08,4,0.8
58619,58709,225,0.08,4,0.8
97810,97900,225,0.08,4,0.8
109372,109462,225,0.08,4,0.8
118832,118922,225,0.08,4,0.8
183850,183940,225,0.08,4,0.8
212680,212770,225,0.08,4,0.8
227845,227935,225,0.08,4,0.8
26936,27026,225,0.08,8,0.8
31441,31531,225,0.08,8,0.8
53664,53754,225,0.08,8,0.8
116580,116670,225,0.08,8,0.8
134899,134989,225,0.08,8,0.8
194360,194451,225,0.08,8,0.8
221539,221629,225,0.08,8,0.8
221689,221779,225,0.08,8,0.8
2911,3001,225,0.08,15,0.8
13422,13512,225,0.08,15,0.8
29639,29729,225,0.08,15,0.8
67028,67118,225,0.08,15,0.8
69581,69671,225,0.08,15,0.8
186252,186342,225,0.08,15,0.8
195862,195952,225,0.08,15,0.8
228446,228536,225,0.08,15,0.8
36546,36636,225,0.16,1,0.8
42703,42793,225,0.16,1,0.8
47958,48048,225,0.16,1,0.8
53364,53454,225,0.16,1,0.8
84146,84236,225,0.16,1,0.8
111624,111714,225,0.16,1,0.8
141656,141746,225,0.16,1,0.8
187603,187694,225,0.16,1,0.8
129193,129283,225,0.16,2,0.8
136100,136190,225,0.16,2,0.8
152617,152707,225,0.16,2,0.8
181897,181988,225,0.16,2,0.8
187754,187844,225,0.16,2,0.8
194811,194901,225,0.16,2,0.8
205922,206013,225,0.16,2,0.8
232650,232740,225,0.16,2,0.8
809,899,225,0.16,4,0.8
34895,34985,225,0.16,4,0.8
71533,71623,225,0.16,4,0.8
110573,110663,225,0.16,4,0.8
139253,139343,225,0.16,4,0.8
170185,170275,225,0.16,4,0.8
174540,174630,225,0.16,4,0.8
184150,184240,225,0.16,4,0.8
16575,16666,225,0.16,8,0.8
65827,65917,225,0.16,8,0.8
71833,71923,225,0.16,8,0.8
93756,93846,225,0.16,8,0.8
99612,99702,225,0.16,8,0.8
105918,106009,225,0.16,8,0.8
137752,137842,225,0.16,8,0.8
178594,178684,225,0.16,8,0.8
4263,4353,225,0.16,15,0.8
10719,10809,225,0.16,15,0.8
40600,40691,225,0.16,15,0.8
60571,60661,225,0.16,15,0.8
87149,87239,225,0.16,15,0.8
88650,88741,225,0.16,15,0.8
133697,133787,225,0.16,15,0.8
158173,158263,225,0.16,15,0.8
1410,1500,225,0.32,1,0.8
23332,23423,225,0.32,1,0.8
37597,37687,225,0.32,1,0.8
55766,55856,225,0.32,1,0.8
86849,86939,225,0.32,1,0.8
99462,99552,225,0.32,1,0.8
127841,127931,225,0.32,1,0.8
146461,146551,225,0.32,1,0.8
49760,49850,225,0.32,2,0.8
65677,65767,225,0.32,2,0.8
83996,84086,225,0.32,2,0.8
177543,177633,225,0.32,2,0.8
178144,178234,225,0.32,2,0.8
193910,194000,225,0.32,2,0.8
198565,198655,225,0.32,2,0.8
237906,237996,225,0.32,2,0.8
102014,102104,225,0.32,4,0.8
103216,103306,225,0.32,4,0.8
109973,110063,225,0.32,4,0.8
140154,140244,225,0.32,4,0.8
153067,153158,225,0.32,4,0.8
161026,161116,225,0.32,4,0.8
176192,176282,225,0.32,4,0.8
186402,186492,225,0.32,4,0.8
21380,21471,225,0.32,8,0.8
71232,71322,225,0.32,8,0.8
123337,123427,225,0.32,8,0.8
128892,128982,225,0.32,8,0.8
160425,160515,225,0.32,8,0.8
196463,196553,225,0.32,8,0.8
205772,205862,225,0.32,8,0.8
231900,231990,225,0.32,8,0.8
27387,27477,225,0.32,15,0.8
53964,54054,225,0.32,15,0.8
55916,56006,225,0.32,15,0.8
79191,79281,225,0.32,15,0.8
82344,82434,225,0.32,15,0.8
135649,135739,225,0.32,15,0.8
173339,173429,225,0.32,15,0.8
173489,173579,225,0.32,15,0.8
28588,28678,270,0.02,1,0.8
34144,34234,270,0.02,1,0.8
60721,60811,270,0.02,1,0.8
89702,89792,270,0.02,1,0.8
105468,105558,270,0.02,1,0.8
128142,128232,270,0.02,1,0.8
166732,166822,270,0.02,1,0.8
207274,207364,270,0.02,1,0.8
25285,25375,270,0.02,2,0.8
59370,59460,270,0.02,2,0.8
83545,83635,270,0.02,2,0.8
165831,165921,270,0.02,2,0.8
188204,188294,270,0.02,2,0.8
197514,197604,270,0.02,2,0.8
208625,208715,270,0.02,2,0.8
234302,234392,270,0.02,2,0.8
60872,60962,270,0.02,4,0.8
61622,61712,270,0.02,4,0.8
99161,99251,270,0.02,4,0.8
110423,110513,270,0.02,4,0.8
141505,141596,270,0.02,4,0.8
144509,144599,270,0.02,4,0.8
158323,158413,270,0.02,4,0.8
224992,225082,270,0.02,4,0.8
1710,1800,270,0.02,8,0.8
32492,32582,270,0.02,8,0.8
37147,37237,270,0.02,8,0.8
41952,42042,270,0.02,8,0.8
62373,62463,270,0.02,8,0.8
78590,78680,270,0.02,8,0.8
162527,162617,270,0.02,8,0.8
164329,164419,270,0.02,8,0.8
21831,21921,270,0.02,15,0.8
28288,28378,270,0.02,15,0.8
101564,101654,270,0.02,15,0.8
149013,149103,270,0.02,15,0.8
153218,153308,270,0.02,15,0.8
166281,166371,270,0.02,15,0.8
169435,169525,270,0.02,15,0.8
205172,205262,270,0.02,15,0.8
11170,11260,270,0.04,1,0.8
19579,19669,270,0.04,1,0.8
33093,33183,270,0.04,1,0.8
54565,54655,270,0.04,1,0.8
118982,119072,270,0.04,1,0.8
152016,152106,270,0.04,1,0.8
162227,162317,270,0.04,1,0.8
194961,195051,270,0.04,1,0.8
39549,39639,270,0.04,2,0.8
151566,151656,270,0.04,2,0.8
164179,164269,270,0.04,2,0.8
170486,170576,270,0.04,2,0.8
184750,184841,270,0.04,2,0.8
189706,189796,270,0.04,2,0.8
200967,201057,270,0.04,2,0.8
222740,222830,270,0.04,2,0.8
12071,12161,270,0.04,4,0.8
36246,36336,270,0.04,4,0.8
43003,43093,270,0.04,4,0.8
133547,133637,270,0.04,4,0.8
204871,204961,270,0.04,4,0.8
208926,209016,270,0.04,4,0.8
222590,222680,270,0.04,4,0.8
226944,227034,270,0.04,4,0.8
29038,29129,270,0.04,8,0.8
38198,38288,270,0.04,8,0.8
106970,107060,270,0.04,8,0.8
108321,108411,270,0.04,8,0.8
175891,175981,270,0.04,8,0.8
180846,180936,270,0.04,8,0.8
200517,200607,270,0.04,8,0.8
234903,234993,270,0.04,8,0.8
22432,22522,270,0.04,15,0.8
55316,55406,270,0.04,15,0.8
59220,59310,270,0.04,15,0.8
61472,61562,270,0.04,15,0.8
115979,116069,270,0.04,15,0.8
124688,124778,270,0.04,15,0.8
193309,193399,270,0.04,15,0.8
197964,198054,270,0.04,15,0.8
5614,5704,270,0.08,1,0.8
34444,34534,270,0.08,1,0.8
158023,158113,270,0.08,1,0.8
165230,165320,270,0.08,1,0.8
199165,199256,270,0.08,1,0.8
201268,201358,270,0.08,1,0.8
201718,201808,270,0.08,1,0.8
212830,212920,270,0.08,1,0.8
1860,1950,270,0.08,2,0.8
2160,2251,270,0.08,2,0.8
22732,22822,270,0.08,2,0.8
92104,92194,270,0.08,2,0.8
115528,115619,270,0.08,2,0.8
139553,139644,270,0.08,2,0.8
171236,171326,270,0.08,2,0.8
176041,176131,270,0.08,2,0.8
17927,18017,270,0.08,4,0.8
36997,37087,270,0.08,4,0.8
57568,57658,270,0.08,4,0.8
90452,90542,270,0.08,4,0.8
135950,136040,270,0.08,4,0.8
174240,174330,270,0.08,4,0.8
177092,177183,270,0.08,4,0.8
218085,218175,270,0.08,4,0.8
12972,13062,270,0.08,8,0.8
25585,25675,270,0.08,8,0.8
27537,27627,270,0.08,8,0.8
182198,182288,270,0.08,8,0.8
187904,187994,270,0.08,8,0.8
201418,201508,270,0.08,8,0.8
206673,206763,270,0.08,8,0.8
238807,238897,270,0.08,8,0.8
2461,2551,270,0.08,15,0.8
28738,28828,270,0.08,15,0.8
36096,36186,270,0.08,15,0.8
45105,45195,270,0.08,15,0.8
62824,62914,270,0.08,15,0.8
86698,86789,270,0.08,15,0.8
91203,91293,270,0.08,15,0.8
178294,178384,270,0.08,15,0.8
40751,40841,270,0.16,1,0.8
64926,65016,270,0.16,1,0.8
66427,66517,270,0.16,1,0.8
76938,77028,270,0.16,1,0.8
137151,137241,270,0.16,1,0.8
173939,174029,270,0.16,1,0.8
175441,175531,270,0.16,1,0.8
216283,216373,270,0.16,1,0.8
4563,4653,270,0.16,2,0.8
29939,30029,270,0.16,2,0.8
45405,45496,270,0.16,2,0.8
47508,47598,270,0.16,2,0.8
51262,51352,270,0.16,2,0.8
154869,154959,270,0.16,2,0.8
181147,181237,270,0.16,2,0.8
194210,194300,270,0.16,2,0.8
9969,10059,270,0.16,4,0.8
35795,35886,270,0.16,4,0.8
63274,63364,270,0.16,4,0.8
81743,81833,270,0.16,4,0.8
146160,146250,270,0.16,4,0.8
160125,160215,270,0.16,4,0.8
192709,192799,270,0.16,4,0.8
200217,200307,270,0.16,4,0.8
26336,26426,270,0.16,8,0.8
56067,56157,270,0.16,8,0.8
56817,56907,270,0.16,8,0.8
93455,93546,270,0.16,8,0.8
94807,94897,270,0.16,8,0.8
104567,104657,270,0.16,8,0.8
148713,148803,270,0.16,8,0.8
193159,193249,270,0.16,8,0.8
39850,39940,270,0.16,15,0.8
40450,40540,270,0.16,15,0.8
51562,51652,270,0.16,15,0.8
82945,83035,270,0.16,15,0.8
92254,92344,270,0.16,15,0.8
213130,213220,270,0.16,15,0.8
239708,239798,270,0.16,15,0.8
240308,240398,270,0.16,15,0.8
5314,5404,270,0.32,1,0.8
8767,8857,270,0.32,1,0.8
10870,10960,270,0.32,1,0.8
50511,50601,270,0.32,1,0.8
67478,67569,270,0.32,1,0.8
153518,153608,270,0.32,1,0.8
187303,187393,270,0.32,1,0.8
203370,203460,270,0.32,1,0.8
9518,9608,270,0.32,2,0.8
37297,37387,270,0.32,2,0.8
41351,41441,270,0.32,2,0.8
82194,82284,270,0.32,2,0.8
114327,114417,270,0.32,2,0.8
165080,165170,270,0.32,2,0.8
196913,197003,270,0.32,2,0.8
235203,235293,270,0.32,2,0.8
4713,4803,270,0.32,4,0.8
24233,24324,270,0.32,4,0.8
56517,56607,270,0.32,4,0.8
128742,128832,270,0.32,4,0.8
139103,139193,270,0.32,4,0.8
170936,171026,270,0.32,4,0.8
219286,219376,270,0.32,4,0.8
230848,230939,270,0.32,4,0.8
50210,50301,270,0.32,8,0.8
84446,84536,270,0.32,8,0.8
120934,121024,270,0.32,8,0.8
132796,132886,270,0.32,8,0.8
134748,134839,270,0.32,8,0.8
164930,165020,270,0.32,8,0.8
214181,214271,270,0.32,8,0.8
224542,224632,270,0.32,8,0.8
19729,19819,270,0.32,15,0.8
28438,28528,270,0.32,15,0.8
30090,30180,270,0.32,15,0.8
74085,74175,270,0.32,15,0.8
90753,90843,270,0.32,15,0.8
165981,166071,270,0.32,15,0.8
184300,184390,270,0.32,15,0.8
237155,237245,270,0.32,15,0.8
2311,2401,315,0.02,1,0.8
2761,2851,315,0.02,1,0.8
33693,33783,315,0.02,1,0.8
75136,75226,315,0.02,1,0.8
120333,120424,315,0.02,1,0.8
206373,206463,315,0.02,1,0.8
222290,222380,315,0.02,1,0.8
228596,228686,315,0.02,1,0.8
52012,52102,315,0.02,2,0.8
94657,94747,315,0.02,2,0.8
99912,100002,315,0.02,2,0.8
135199,135289,315,0.02,2,0.8
142707,142797,315,0.02,2,0.8
144208,144298,315,0.02,2,0.8
170335,170426,315,0.02,2,0.8
214632,214722,315,0.02,2,0.8
58769,58859,315,0.02,4,0.8
77088,77179,315,0.02,4,0.8
78290,78380,315,0.02,4,0.8
82044,82134,315,0.02,4,0.8
85347,85437,315,0.02,4,0.8
146911,147001,315,0.02,4,0.8
167032,167122,315,0.02,4,0.8
235653,235744,315,0.02,4,0.8
80242,80332,315,0.02,8,0.8
112075,112165,315,0.02,8,0.8
134148,134238,315,0.02,8,0.8
135800,135890,315,0.02,8,0.8
136400,136490,315,0.02,8,0.8
159674,159764,315,0.02,8,0.8
177693,177783,315,0.02,8,0.8
182648,182738,315,0.02,8,0.8
7716,7806,315,0.02,15,0.8
63124,63214,315,0.02,15,0.8
101264,101354,315,0.02,15,0.8
125889,125979,315,0.02,15,0.8
162677,162768,315,0.02,15,0.8
173639,173729,315,0.02,15,0.8
202169,202259,315,0.02,15,0.8
220337,220428,315,0.02,15,0.8
21080,21170,315,0.04,1,0.8
57418,57508,315,0.04,1,0.8
74986,75076,315,0.04,1,0.8
91053,91143,315,0.04,1,0.8
117781,117871,315,0.04,1,0.8
122886,122976,315,0.04,1,0.8
129793,129883,315,0.04,1,0.8
142557,142647,315,0.04,1,0.8
10269,10359,315,0.04,2,0.8
24384,24474,315,0.04,2,0.8
82644,82734,315,0.04,2,0.8
96158,96248,315,0.04,2,0.8
121385,121475,315,0.04,2,0.8
209676,209766,315,0.04,2,0.8
223641,223731,315,0.04,2,0.8
226043,226134,315,0.04,2,0.8
25435,25525,315,0.04,4,0.8
75737,75827,315,0.04,4,0.8
102765,102855,315,0.04,4,0.8
115078,115168,315,0.04,4,0.8
135499,135589,315,0.04,4,0.8
189105,189195,315,0.04,4,0.8
202018,202109,315,0.04,4,0.8
223341,223431,315,0.04,4,0.8
22582,22672,315,0.04,8,0.8
74386,74476,315,0.04,8,0.8
76488,76578,315,0.04,8,0.8
104267,104357,315,0.04,8,0.8
112826,112916,315,0.04,8,0.8
157722,157812,315,0.04,8,0.8
209977,210067,315,0.04,8,0.8
217635,217725,315,0.04,8,0.8
44805,44895,315,0.04,15,0.8
48258,48349,315,0.04,15,0.8
89101,89191,315,0.04,15,0.8
136851,136941,315,0.04,15,0.8
156371,156461,315,0.04,15,0.8
197814,197904,315,0.04,15,0.8
219737,219827,315,0.04,15,0.8
224242,224332,315,0.04,15,0.8
58469,58559,315,0.08,1,0.8
70331,70421,315,0.08,1,0.8
72884,72974,315,0.08,1,0.8
78740,78830,315,0.08,1,0.8
133097,133187,315,0.08,1,0.8
150815,150905,315,0.08,1,0.8
185201,185291,315,0.08,1,0.8
198265,198355,315,0.08,1,0.8
3512,3602,315,0.08,2,0.8
15524,15614,315,0.08,2,0.8
103366,103456,315,0.08,2,0.8
152317,152407,315,0.08,2,0.8
165380,165470,315,0.08,2,0.8
166131,166221,315,0.08,2,0.8
174690,174780,315,0.08,2,0.8
199466,199556,315,0.08,2,0.8
4413,4503,315,0.08,4,0.8
15675,15765,315,0.08,4,0.8
41802,41892,315,0.08,4,0.8
48859,48949,315,0.08,4,0.8
54265,54355,315,0.08,4,0.8
107870,107961,315,0.08,4,0.8
125739,125829,315,0.08,4,0.8
224392,224482,315,0.08,4,0.8
23933,24023,315,0.08,8,0.8
38799,38889,315,0.08,8,0.8
126640,126730,315,0.08,8,0.8
150665,150755,315,0.08,8,0.8
156972,157062,315,0.08,8,0.8
163879,163969,315,0.08,8,0.8
210127,210217,315,0.08,8,0.8
216584,216674,315,0.08,8,0.8
30840,30930,315,0.08,15,0.8
73335,73425,315,0.08,15,0.8
89251,89341,315,0.08,15,0.8
93305,93395,315,0.08,15,0.8
140304,140394,315,0.08,15,0.8
177243,177333,315,0.08,15,0.8
188655,188745,315,0.08,15,0.8
210277,210367,315,0.08,15,0.8
47357,47448,315,0.16,1,0.8
77239,77329,315,0.16,1,0.8
107120,107210,315,0.16,1,0.8
136700,136791,315,0.16,1,0.8
147061,147151,315,0.16,1,0.8
164780,164870,315,0.16,1,0.8
174990,175080,315,0.16,1,0.8
228146,228236,315,0.16,1,0.8
49910,50000,315,0.16,2,0.8
59971,60061,315,0.16,2,0.8
124237,124328,315,0.16,2,0.8
146611,146701,315,0.16,2,0.8
167933,168023,315,0.16,2,0.8
185952,186042,315,0.16,2,0.8
207724,207814,315,0.16,2,0.8
225593,225683,315,0.16,2,0.8
102915,103005,315,0.16,4,0.8
137601,137691,315,0.16,4,0.8
138803,138893,315,0.16,4,0.8
139854,139944,315,0.16,4,0.8
145860,145950,315,0.16,4,0.8
166882,166972,315,0.16,4,0.8
186102,186192,315,0.16,4,0.8
214031,214121,315,0.16,4,0.8
18527,18618,315,0.16,8,0.8
45255,45345,315,0.16,8,0.8
67929,68019,315,0.16,8,0.8
71683,71773,315,0.16,8,0.8
84596,84686,315,0.16,8,0.8
87299,87389,315,0.16,8,0.8
101714,101804,315,0.16,8,0.8
109072,109162,315,0.16,8,0.8
12371,12461,315,0.16,15,0.8
33543,33633,315,0.16,15,0.8
100513,100603,315,0.16,15,0.8
145710,145800,315,0.16,15,0.8
192559,192649,315,0.16,15,0.8
196162,196252,315,0.16,15,0.8
198415,198505,315,0.16,15,0.8
211779,211869,315,0.16,15,0.8
4863,4953,315,0.32,1,0.8
6965,7056,315,0.32,1,0.8
43153,43243,315,0.32,1,0.8
69280,69370,315,0.32,1,0.8
72133,72223,315,0.32,1,0.8
73785,73875,315,0.32,1,0.8
149764,149854,315,0.32,1,0.8
205472,205562,315,0.32,1,0.8
39700,39790,315,0.32,2,0.8
60421,60511,315,0.32,2,0.8
105168,105258,315,0.32,2,0.8
141055,141145,315,0.32,2,0.8
143608,143698,315,0.32,2,0.8
145410,145500,315,0.32,2,0.8
181447,181537,315,0.32,2,0.8
205622,205712,315,0.32,2,0.8
37447,37537,315,0.32,4,0.8
63574,63664,315,0.32,4,0.8
90903,90993,315,0.32,4,0.8
117931,118021,315,0.32,4,0.8
119432,119523,315,0.32,4,0.8
133847,133938,315,0.32,4,0.8
142406,142496,315,0.32,4,0.8
207574,207664,315,0.32,4,0.8
39249,39339,315,0.32,8,0.8
68229,68319,315,0.32,8,0.8
74686,74776,315,0.32,8,0.8
83395,83485,315,0.32,8,0.8
89401,89491,315,0.32,8,0.8
149314,149404,315,0.32,8,0.8
168383,168474,315,0.32,8,0.8
180696,180786,315,0.32,8,0.8
2010,2100,315,0.32,15,0.8
31591,31681,315,0.32,15,0.8
62673,62764,315,0.32,15,0.8
64175,64265,315,0.32,15,0.8
70632,70722,315,0.32,15,0.8
87750,87840,315,0.32,15,0.8
198865,198955,315,0.32,15,0.8
213881,213971,315,0.32,15,0.8
